0,0,0
-0.32,0.02,-0.02
-0.39,0,-0.16
-0.19,-0.01,0.1
-0.05,0.02,0.16
-0.16,0.03,0.1
-0.13,0.02,0.13
-0.16,0.04,0.08
-0.14,0.01,0.09
-0.25,0.09,0
-0.12,0.04,-0.05
-0.09,0.06,0.02
-0.1,0.05,-0.03
-0.11,0.2,0.29
-0.13,0.18,0.28
-0.09,0.2,0.29
-0.13,0.22,0.29
-0.1,0.23,0.34
-0.13,0.23,0.3
-0.11,0.26,0.29
-0.08,0.27,0.29
-0.14,0.26,0.31
-0.12,0.26,0.32
-0.12,0.24,0.28
-0.13,0.25,0.29
-0.15,0.21,0.23
-0.16,0.25,0.27
-0.12,0.22,0.23
-0.18,0.21,0.23
-0.19,0.21,0.21
-0.17,0.24,0.21
-0.15,0.26,0.22
-0.15,0.26,0.22
-0.11,0.25,0.22
-0.14,0.25,0.17
-0.14,0.29,0.18
-0.15,0.25,0.19
-0.17,0.24,0.16
-0.17,0.24,0.15
-0.19,0.23,0.16
-0.24,0.24,0.13
-0.23,0.24,0.06
-0.24,0.25,0.04
-0.23,0.25,0.01
-0.22,0.32,0.05
-0.23,0.27,-0.04
-0.22,0.3,-0.01
-0.2,0.31,-0.04
-0.22,0.33,0.02
-0.27,0.31,-0.09
-0.28,0.29,-0.13
-0.31,0.29,-0.16
-0.32,0.31,-0.12
-0.31,0.33,-0.14
-0.33,0.37,-0.16
-0.35,0.4,-0.2
-0.37,0.41,-0.24
-0.35,0.46,-0.18
-0.38,0.51,-0.21
-0.39,0.53,-0.22
-0.43,0.59,-0.19
-0.47,0.65,-0.15
-0.5,0.67,-0.18
-0.55,0.7,-0.19
-0.58,0.78,-0.13
-0.62,0.78,-0.14
-0.71,0.82,-0.17
-0.71,0.89,-0.09
-0.76,0.94,-0.09
-0.82,0.95,-0.08
-0.86,1.01,-0.03
-0.95,0.94,-0.07
-1.06,0.93,-0.02
-1.14,0.89,-0.02
-1.25,0.86,-0.01
-1.35,0.85,0.01
-1.44,0.81,0.05
-1.55,0.78,0.04
-1.65,0.77,0.05
-1.76,0.81,0.02
-1.8,0.86,0.11
-1.82,0.84,0.04
-1.95,0.89,0.03
-2.01,0.89,0.01
-2.06,0.95,0.07
-2.17,0.96,0.05
-2.19,1,0.08
-2.31,1.01,0.07
-2.36,1.03,0.11
-2.48,1.05,0.06
-2.53,1.06,0.09
-2.59,1.09,0.12
-2.68,1.08,0.13
-2.76,1.11,0.17
-2.87,1.1,0.17
-2.97,1.1,0.2
-3.16,1.04,0.29
-3.36,0.91,0.25
-3.48,0.97,0.29
-3.61,1.04,0.34
-3.71,1.07,0.41
-3.88,1.14,0.36
-4.01,1.21,0.41
-4.11,1.22,0.38
-4.24,1.29,0.46
-4.37,1.34,0.47
-4.44,1.39,0.5
-4.58,1.41,0.54
-4.73,1.46,0.5
-5,1.37,0.51
-5.16,1.2,0.57
-5.43,1.18,0.6
-5.73,1.35,0.6
-6.04,1.6,0.55
-5.92,1.36,0.64
-6.09,1.39,0.6
-6.26,1.42,0.6
-6.37,1.45,0.66
-6.5,1.45,0.62
-6.7,1.4,0.59
-6.96,1.23,0.51
-7.22,1.15,0.54
-7.48,1.26,0.54
-7.65,1.27,0.53
-7.81,1.33,0.52
-7.94,1.34,0.53
-8.11,1.38,0.51
-8.24,1.39,0.51
-8.4,1.44,0.55
-8.69,1.29,0.54
-9.03,1.22,0.56
-9.34,1.21,0.48
-9.46,1.2,0.51
-9.65,1.27,0.52
-9.8,1.29,0.52
-9.98,1.31,0.43
-10.17,1.33,0.49
-10.4,1.31,0.53
-10.76,1.1,0.47
-11,1.06,0.44
-11.2,1.11,0.43
-11.43,1.17,0.41
-11.64,1.2,0.38
-11.84,1.25,0.38
-12.09,1.25,0.34
-12.35,1.2,0.36
-12.73,1.07,0.37
-13.05,1.06,0.34
-13.22,1.14,0.4
-13.39,1.17,0.43
-13.6,1.24,0.37
-13.79,1.28,0.36
-13.98,1.29,0.41
-14.36,1.15,0.44
-14.68,1.1,0.42
-14.87,1.15,0.44
-15.14,1.25,0.46
-15.33,1.3,0.47
-15.53,1.39,0.45
-15.72,1.39,0.43
-16.02,1.32,0.44
-16.41,1.22,0.46
-16.76,1.22,0.41
-16.94,1.25,0.44
-17.18,1.35,0.39
-17.42,1.39,0.42
-17.66,1.41,0.44
-18.08,1.25,0.41
-18.35,1.23,0.47
-18.68,1.3,0.44
-18.96,1.38,0.42
-19.18,1.45,0.5
-19.38,1.5,0.41
-19.68,1.47,0.49
-20.08,1.37,0.51
-20.43,1.38,0.53
-20.64,1.44,0.49
-20.95,1.48,0.47
-21.18,1.54,0.47
-21.46,1.49,0.55
-21.91,1.24,0.61
-22.25,1.3,0.55
-22.55,1.41,0.53
-22.8,1.49,0.61
-23.06,1.55,0.56
-23.36,1.53,0.54
-23.72,1.42,0.67
-24.12,1.42,0.62
-24.38,1.47,0.62
-24.59,1.49,0.67
-24.83,1.57,0.68
-25.1,1.63,0.68
-25.46,1.54,0.77
-25.77,1.51,0.78
-26.06,1.58,0.84
-26.39,1.63,0.8
-26.67,1.69,0.82
-26.95,1.73,0.78
-27.36,1.65,0.76
-27.77,1.53,0.76
-28.09,1.59,0.78
-28.36,1.65,0.76
-28.71,1.7,0.61
-28.96,1.76,0.66
-29.28,1.74,0.55
-29.6,1.67,0.61
-29.96,1.65,0.63
-30.27,1.7,0.63
-30.56,1.8,0.64
-30.79,1.86,0.64
-31.07,1.91,0.63
-31.34,1.9,0.62
-31.71,1.79,0.55
-32.11,1.73,0.65
-32.37,1.74,0.58
-32.63,1.77,0.6
-32.89,1.79,0.62
-33.17,1.77,0.63
-33.48,1.7,0.67
-33.79,1.62,0.64
-34.04,1.61,0.68
-34.3,1.61,0.71
-34.69,1.62,0.73
-35.05,1.62,0.76
-35.31,1.66,0.7
-35.62,1.67,0.68
-35.86,1.75,0.78
-36.09,1.81,0.86
-36.42,1.84,0.92
-36.75,1.88,0.99
-36.92,1.9,0.92
-37.26,1.86,0.87
-37.59,1.9,0.77
-37.88,1.91,0.73
-38.21,1.91,0.76
-38.51,1.91,0.77
-38.83,1.94,0.72
-39.21,1.95,0.77
-39.55,1.95,0.72
-39.83,2.02,0.76
-40.24,1.91,0.7
-40.53,1.91,0.72
-40.9,1.83,0.65
-41.24,1.79,0.68
-41.54,1.79,0.72
-41.91,1.73,0.8
-42.22,1.7,0.93
-42.52,1.72,0.88
-42.86,1.68,0.82
-43.12,1.66,0.79
-43.45,1.62,0.73
-43.73,1.63,0.79
-44.09,1.69,0.74
-44.4,1.79,0.49
-44.72,1.77,0.48
-44.99,1.81,0.57
-45.26,1.77,0.63
-45.57,1.79,0.67
-45.85,1.87,0.67
-46.15,1.89,0.69
-46.44,1.93,0.73
-46.71,1.91,0.71
-47.04,1.92,0.75
-47.32,1.96,0.74
-47.56,2,0.69
-47.85,2.02,0.75
-48.12,2.01,0.74
-48.45,2.02,0.75
-48.7,2.07,0.79
-49.11,2.04,0.76
-49.41,2.06,0.78
-49.56,2.14,0.95
-50.02,2.05,0.77
-50.22,2.1,0.87
-50.57,2.11,0.81
-50.88,2.11,0.76
-51.21,2.15,0.77
-51.58,2.15,0.77
-51.85,2.18,0.77
-52.08,2.17,1.14
-52.42,2.2,1.22
-52.74,2.21,1.26
-53.05,2.2,1.29
-53.34,2.22,1.34
-53.67,2.22,1.4
-53.94,2.22,1.44
-54.31,2.26,1.32
-54.68,2.35,2.57
-55.01,2.33,2.66
-55.29,2.3,2.68
-55.63,2.31,2.77
-55.8,2.25,2.78
-56.09,2.26,2.84
-56.38,2.27,1.79
-56.67,2.26,1.76
-57.01,2.28,1.62
-57.31,2.27,1.62
-57.68,2.33,1.34
-58.16,2.31,1.16
-58.45,2.25,1.4
-58.78,2.23,1.26
-59.17,2.25,1.48
-59.52,2.24,1.3
-59.87,2.24,1.37
-60.54,2.65,1.15
-60.8,2.69,1.26
-61.08,2.71,1.23
-61.35,2.67,1.3
-61.72,2.61,1.3
-62.22,2.63,1.3
-62.6,2.54,1.32
-62.5,2.55,1.22
-62.82,2.58,1.55
-63.04,2.6,1.54
-63.4,2.6,1.53
-63.73,2.58,1.59
-64.02,2.55,1.63
-64.4,2.54,1.61
-64.71,2.55,1.67
-65.03,2.54,1.65
-65.38,2.56,1.69
-65.67,2.59,1.76
-65.91,2.63,1.83
-66.26,2.56,1.67
-66.7,2.54,1.65
-67.37,2.49,1.5
-67.74,2.47,1.49
-68.1,2.51,1.57
-68.35,2.39,1.59
-68.62,2.42,1.6
-68.91,2.39,1.68
-69.18,2.3,1.68
-69.48,2.26,1.73
-69.83,2.29,1.76
-70.09,2.31,1.83
-70.45,2.32,1.88
-70.75,2.55,2.06
-71.07,2.58,2.08
-71.45,2.59,2.07
-71.6,2.56,2.21
-71.94,2.54,2.08
-72.22,2.56,2.18
-72.5,2.6,2.23
-72.8,2.63,2.26
-73.06,2.65,2.28
-73.39,2.59,2.21
-73.96,2.47,2.13
-74.34,2.45,2.14
-74.55,2.44,2.07
-74.75,2.49,2.02
-74.98,2.54,2.07
-75.14,2.59,2.08
-75.4,2.59,1.99
-75.59,2.6,1.98
-75.77,2.59,2.05
-75.99,2.6,2.06
-76.23,2.57,2.02
-76.44,2.56,2.02
-76.7,2.6,2.07
-76.87,2.61,2.09
-77.16,2.61,2.05
-77.45,2.56,2.02
-77.64,2.57,2.08
-77.96,2.49,2.07
-78.23,2.52,2.12
-78.49,2.53,2.18
-78.76,2.55,2.19
-78.91,2.51,2.24
-79.11,2.53,2.25
-79.34,2.51,2.28
-79.56,2.51,2.34
-79.8,2.49,2.28
-80,2.5,2.35
-80.17,2.52,2.35
-80.35,2.56,2.41
-80.61,2.54,2.31
-80.76,2.56,2.31
-80.97,2.61,2.35
-81.13,2.62,2.36
-81.34,2.62,2.32
-81.49,2.58,2.33
-81.66,2.61,2.34
-81.89,2.61,2.33
-81.95,2.63,2.31
-82.13,2.61,2.35
-82.3,2.59,2.34
-82.43,2.6,2.41
-82.6,2.63,2.42
-82.79,2.61,2.35
-82.94,2.61,2.39
-83.15,2.6,2.36
-83.28,2.56,2.34
-83.53,2.67,2.4
-83.64,2.63,2.39
-83.83,2.65,2.38
-84,2.67,2.37
-84.17,2.71,2.39
-84.33,2.61,2.37
-84.49,2.55,2.39
-84.7,2.59,2.36
-84.8,2.56,2.38
-84.95,2.6,2.43
-85.07,2.55,2.43
-85.23,2.56,2.42
-85.43,2.6,2.46
-85.6,2.56,2.47
-85.78,2.56,2.42
-85.92,2.56,2.47
-86.04,2.52,2.44
-86.22,2.48,2.49
-86.39,2.47,2.48
-86.55,2.46,2.44
-86.7,2.45,2.47
-86.81,2.47,2.54
-86.97,2.47,2.53
-87.1,2.4,2.53
-87.28,2.4,2.65
-87.36,2.44,2.71
-87.52,2.49,2.69
-87.69,2.51,2.71
-87.8,2.54,2.76
-88.1,2.54,2.48
-88.19,2.6,2.54
-88.49,2.68,2.47
-88.56,2.68,2.54
-88.75,2.73,2.49
-88.86,2.69,2.54
-88.95,2.73,2.55
-89.12,2.76,2.49
-89.24,2.73,2.5
-89.35,2.72,2.5
-89.47,2.68,2.5
-89.61,2.63,2.41
-89.72,2.59,2.41
-89.75,2.54,2.41
-89.85,2.53,2.35
-89.88,2.51,2.43
-89.9,2.48,2.4
-89.94,2.49,2.38
-89.93,2.45,2.43
-89.95,2.47,2.37
-89.96,2.47,2.39
-89.96,2.46,2.35
-89.95,2.48,2.38
-89.91,2.47,2.38
-89.93,2.47,2.38
-89.94,2.43,2.38
-89.97,2.47,2.38
-89.99,2.44,2.36
-90.02,2.42,2.37
-90.05,2.45,2.55
-90.1,2.49,2.49
-90.05,2.45,2.55
-90.13,2.45,2.49
-90.12,2.44,2.49
-90.12,2.41,2.35
-90.15,2.43,2.45
-90.18,2.39,2.31
-90.2,2.38,2.31
-90.24,2.41,2.45
-90.2,2.41,2.49
-90.23,2.39,2.49
-90.2,2.4,2.52
-90.17,2.39,2.55
-90.14,2.41,2.56
-90.12,2.42,2.55
-90.11,2.38,2.39
-90.02,2.47,2.59
-90,2.47,2.57
-89.97,2.49,2.54
-89.93,2.48,2.52
-89.88,2.52,2.49
-89.83,2.48,2.37
-89.74,2.52,2.35
-89.74,2.51,2.36
-89.69,2.52,2.37
-89.66,2.54,2.37
-89.68,2.58,2.52
-89.64,2.54,2.34
-89.63,2.55,2.36
-89.61,2.56,2.35
-89.61,2.55,2.32
-89.6,2.58,2.34
-89.55,2.58,2.37
-89.59,2.57,2.31
-89.52,2.58,2.38
-89.5,2.58,2.38
-89.5,2.58,2.33
-89.48,2.6,2.37
-89.42,2.6,2.39
-89.41,2.59,2.37
-89.35,2.64,2.42
-89.27,2.61,2.45
-89.23,2.67,2.48
-89.16,2.66,2.51
-89.09,2.69,2.47
-89.05,2.72,2.49
-89.01,2.7,2.56
-88.99,2.68,2.46
-88.86,2.69,2.49
-88.83,2.76,2.55
-88.74,2.72,2.53
-88.68,2.69,2.48
-88.62,2.69,2.47
-88.56,2.72,2.4
-88.51,2.66,2.51
-88.32,2.68,2.49
-88.24,2.66,2.46
-88.14,2.63,2.43
-88.11,2.6,2.48
-88.03,2.57,2.44
-87.93,2.56,2.46
-87.91,2.55,2.41
-87.8,2.51,2.3
-87.62,2.56,2.49
-87.51,2.52,2.44
-87.45,2.49,2.44
-87.41,2.45,2.41
-87.33,2.47,2.41
-87.26,2.42,2.46
-87.16,2.43,2.46
-87.12,2.43,2.43
-87.05,2.43,2.43
-86.98,2.48,2.5
-86.92,2.47,2.47
-86.87,2.48,2.48
-86.8,2.47,2.43
-86.71,2.49,2.44
-86.63,2.5,2.42
-86.57,2.51,2.4
-86.47,2.54,2.46
-86.37,2.56,2.5
-86.28,2.57,2.45
-86.19,2.57,2.44
-86.1,2.58,2.44
-86,2.59,2.45
-85.91,2.57,2.43
-85.77,2.58,2.41
-85.65,2.59,2.44
-85.5,2.57,2.39
-85.36,2.57,2.39
-85.22,2.56,2.4
-85.14,2.56,2.36
-85.04,2.56,2.37
-84.89,2.55,2.44
-84.78,2.55,2.38
-84.66,2.55,2.38
-84.47,2.59,2.39
-84.37,2.62,2.4
-84.24,2.64,2.37
-84.1,2.64,2.38
-83.97,2.64,2.37
-83.89,2.66,2.4
-83.71,2.63,2.37
-83.56,2.61,2.37
-83.4,2.55,2.37
-83.26,2.58,2.33
-83.08,2.6,2.34
-82.96,2.61,2.34
-82.66,2.64,2.51
-82.51,2.62,2.44
-82.34,2.61,2.42
-82.18,2.61,2.43
-82.03,2.63,2.44
-81.87,2.64,2.44
-81.73,2.62,2.37
-81.53,2.6,2.41
-81.44,2.61,2.38
-81.18,2.62,2.41
-81.07,2.6,2.46
-80.91,2.61,2.45
-80.69,2.6,2.43
-80.47,2.58,2.45
-80.28,2.57,2.43
-80.12,2.57,2.36
-79.81,2.57,2.43
-79.78,2.5,2.38
-79.63,2.54,2.35
-79.4,2.53,2.39
-79.25,2.53,2.38
-79.04,2.55,2.38
-78.8,2.54,2.46
-78.57,2.57,2.45
-78.34,2.57,2.49
-78.12,2.53,2.48
-77.89,2.55,2.43
-77.64,2.54,2.5
-77.4,2.56,2.44
-77.14,2.59,2.42
-76.9,2.62,2.43
-76.72,2.55,2.33
-76.45,2.53,2.35
-76.21,2.6,2.37
-75.93,2.61,2.35
-75.7,2.61,2.28
-75.45,2.62,2.31
-75.17,2.63,2.33
-74.9,2.62,2.38
-74.55,2.68,2.49
-74.36,2.65,2.4
-74.04,2.63,2.47
-73.66,2.66,2.54
-73.39,2.67,2.51
-73.14,2.69,2.53
-72.8,2.67,2.6
-72.52,2.69,2.52
-72.4,2.63,2.33
-72.14,2.61,2.32
-71.78,2.58,2.3
-71.47,2.57,2.28
-71.21,2.51,2.22
-70.89,2.44,2.22
-70.57,2.42,2.26
-70.33,2.34,2.11
-70.03,2.18,1.81
-69.83,2.15,1.87
-69.68,2.08,1.83
-69.35,2.1,1.86
-69.09,2.08,1.81
-68.9,2.14,1.86
-68.62,2.17,1.87
-68.24,2.26,1.83
-68.06,2.49,1.78
-67.83,2.49,1.79
-67.46,2.46,1.84
-67.15,2.53,1.92
-66.81,2.53,2.01
-66.53,2.55,1.97
-66.26,2.54,1.94
-65.94,2.52,1.99
-65.69,2.49,1.94
-65.37,2.5,1.98
-65.08,2.51,2.02
-64.8,2.51,1.81
-64.54,2.53,1.81
-64.2,2.54,1.82
-63.94,2.55,1.73
-63.62,2.53,1.75
-63.4,2.48,1.62
-63.04,2.49,1.52
-62.77,2.47,1.49
-62.4,2.52,1.4
-62.09,2.56,1.43
-61.78,2.59,1.39
-61.53,2.58,1.38
-61.22,2.52,1.28
-60.85,2.58,1.36
-60.42,2.57,1.49
-60.18,2.57,1.39
-59.63,2.28,1.39
-59.18,2.29,1.59
-58.87,2.32,1.63
-58.44,2.29,1.8
-58.2,2.27,1.68
-57.67,2.33,2.25
-57.54,2.31,1.99
-57.25,2.32,1.95
-56.78,2.32,2.25
-56.53,2.33,1.85
-56.1,2.31,2.1
-55.71,2.27,2.09
-55.46,2.27,1.94
-54.95,2.28,2.02
-54.63,2.25,1.93
-54.26,2.24,1.93
-53.85,2.26,1.95
-53.48,2.23,1.99
-53.1,2.26,2
-52.78,2.24,1.9
-52.38,2.22,1.87
-52.12,2.27,1.86
-51.7,2.23,1.86
-51.32,2.21,1.85
-50.98,2.19,1.92
-50.57,2.23,1.9
-50.24,2.21,1.86
-49.86,2.19,1.9
-49.38,2.04,0.74
-48.99,2.05,0.72
-48.68,2.02,0.72
-48.34,2,0.78
-48.02,2.02,0.71
-47.73,1.97,0.71
-47.42,1.94,0.7
-47.09,1.92,0.66
-46.74,1.87,0.61
-46.45,1.88,0.63
-46.09,1.89,0.61
-45.75,1.8,0.56
-45.42,1.78,0.58
-45.12,1.69,0.49
-44.77,1.69,0.48
-44.52,1.74,0.41
-44.15,1.58,0.58
-43.78,1.5,0.58
-43.47,1.51,0.58
-43.18,1.52,0.59
-42.81,1.54,0.64
-42.55,1.55,0.63
-42.25,1.54,0.57
-41.9,1.55,0.43
-41.64,1.61,0.43
-41.28,1.62,0.36
-40.93,1.69,0.3
-40.64,1.69,0.31
-40.36,1.69,0.26
-39.94,1.77,0.41
-39.59,1.79,0.39
-39.22,1.8,0.44
-38.77,1.78,0.51
-38.48,1.76,0.5
-38.16,1.74,0.45
-37.81,1.75,0.55
-37.48,1.75,0.5
-37.16,1.68,0.45
-36.98,1.65,0.46
-36.55,1.6,0.43
-36.24,1.58,0.42
-35.88,1.63,0.55
-35.57,1.55,0.47
-35.28,1.52,0.43
-35,1.47,0.38
-34.64,1.43,0.37
-34.36,1.4,0.31
-34.06,1.36,0.39
-33.8,1.44,0.32
-33.39,1.55,0.3
-33.1,1.58,0.27
-32.74,1.58,0.28
-32.43,1.65,0.24
-32.16,1.62,0.2
-31.81,1.49,0.25
-31.53,1.46,0.21
-31.24,1.47,0.17
-30.88,1.48,0.27
-30.59,1.49,0.24
-30.35,1.39,0.29
-30.09,1.36,0.31
-29.83,1.31,0.25
-29.51,1.36,0.23
-29.18,1.35,0.23
-28.95,1.29,0.17
-28.69,1.2,0.11
-28.46,1.07,0.13
-28.18,0.94,0.07
-27.87,0.87,0.03
-27.43,0.86,-0.04
-27.04,0.85,-0.03
-26.74,0.83,-0.05
-26.41,0.72,-0.07
-26.17,0.65,-0.1
-25.91,0.56,-0.13
-25.69,0.52,-0.08
-25.48,0.49,-0.11
-25.18,0.52,-0.13
-24.86,0.55,-0.17
-24.72,0.53,-0.2
-24.48,0.47,-0.18
-24.24,0.39,-0.19
-24.08,0.34,-0.24
-23.87,0.32,-0.21
-23.58,0.33,-0.18
-23.29,0.36,-0.27
-22.91,0.4,-0.25
-22.64,0.33,-0.19
-22.4,0.26,-0.19
-22.26,0.2,-0.22
-22.03,0.14,-0.22
-21.8,0.09,-0.2
-21.56,0.04,-0.23
-21.27,0.08,-0.3
-20.86,0.07,-0.25
-20.68,0.09,-0.28
-20.5,0.05,-0.3
-20.33,-0.01,-0.32
-20.1,-0.05,-0.27
-19.91,-0.12,-0.28
-19.68,-0.11,-0.29
-19.39,-0.02,-0.3
-19.01,0.05,-0.26
-18.8,0.09,-0.28
-18.64,0.07,-0.25
-18.46,0.07,-0.26
-18.28,0.05,-0.23
-18.07,0.08,-0.19
-17.87,0.01,-0.22
-17.61,0.13,-0.26
-17.28,0.24,-0.22
-17.13,0.26,-0.2
-16.93,0.24,-0.21
-16.68,0.22,-0.15
-16.5,0.2,-0.14
-16.35,0.18,-0.12
-16.13,0.2,-0.12
-15.82,0.26,-0.13
-15.45,0.31,-0.1
-15.25,0.24,-0.16
-15.06,0.17,-0.13
-14.92,0.1,-0.18
-14.73,0.03,-0.14
-14.59,-0.06,-0.21
-14.47,-0.12,-0.23
-14.33,-0.17,-0.27
-14.1,-0.17,-0.24
-13.79,-0.06,-0.27
-13.59,-0.04,-0.27
-13.39,-0.08,-0.32
-13.2,-0.06,-0.27
-13.1,-0.08,-0.29
-12.96,-0.08,-0.23
-12.78,-0.1,-0.26
-12.67,-0.11,-0.2
-12.46,-0.11,-0.23
-12.2,-0.08,-0.2
-11.92,-0.01,-0.25
-11.63,0.07,-0.14
-11.47,0.04,-0.11
-11.38,-0.03,-0.13
-11.23,-0.05,-0.18
-11.11,-0.09,-0.15
-10.92,-0.12,-0.15
-10.75,-0.16,-0.16
-10.57,-0.21,-0.16
-10.3,-0.19,-0.19
-10.01,-0.15,-0.2
-9.74,-0.19,-0.17
-9.56,-0.24,-0.2
-9.44,-0.29,-0.29
-9.31,-0.33,-0.26
-9.14,-0.36,-0.23
-9.02,-0.39,-0.24
-8.88,-0.43,-0.31
-8.75,-0.42,-0.27
-8.56,-0.41,-0.32
-8.31,-0.3,-0.3
-8.04,-0.23,-0.25
-7.92,-0.19,-0.28
-7.74,-0.16,-0.24
-7.59,-0.17,-0.24
-7.47,-0.18,-0.25
-7.33,-0.19,-0.23
-7.19,-0.23,-0.27
-7.04,-0.23,-0.27
-6.92,-0.29,-0.35
-6.79,-0.29,-0.4
-6.53,-0.28,-0.38
-6.27,-0.21,-0.43
-6.05,-0.22,-0.54
-5.87,-0.27,-0.53
-5.74,-0.37,-0.65
-5.59,-0.42,-0.61
-5.49,-0.56,-0.73
-5.35,-0.67,-0.78
-5.19,-0.76,-0.86
-4.99,-0.87,-0.87
-4.74,-0.99,-0.89
-4.51,-1.01,-0.91
-4.28,-1.04,-0.99
-3.98,-0.99,-1.06
-3.82,-1.04,-1.11
-3.69,-1.06,-1.18
-3.59,-1.14,-1.24
-3.47,-1.18,-1.26
-3.3,-1.23,-1.3
-3.26,-1.21,-1.38
-3.09,-1.26,-1.32
-2.92,-1.29,-1.34
-2.74,-1.34,-1.33
-2.61,-1.36,-1.36
-2.34,-1.27,-1.35
-2.1,-1.17,-1.36
-1.99,-1.11,-1.27
-1.85,-1.13,-1.3
-1.77,-1.13,-1.32
-1.64,-1.1,-1.28
-1.5,-1.14,-1.29
-1.37,-1.17,-1.3
-1.22,-1.16,-1.22
-1.13,-1.19,-1.26
-1.02,-1.21,-1.2
-0.93,-1.24,-1.24
-0.78,-1.23,-1.3
-0.6,-1.11,-1.25
-0.47,-0.98,-1.28
-0.25,-0.88,-1.34
-0.13,-0.82,-1.31
-0.08,-0.77,-1.23
-0.06,-0.72,-1.18
-0.08,-0.66,-1.09
-0.13,-0.64,-1.06
-0.09,-0.59,-0.97
-0.09,-0.58,-0.98
-0.07,-0.57,-0.91
-0.12,-0.57,-0.89
-0.06,-0.62,-0.94
-0.08,-0.61,-1.02
-0.1,-0.63,-0.99
-0.08,-0.6,-0.95
-0.1,-0.6,-0.98
-0.11,-0.62,-0.95
-0.06,-0.6,-0.9
-0.09,-0.62,-0.87
-0.08,-0.62,-0.93
-0.08,-0.63,-0.86
-0.06,-0.63,-0.83
-0.09,-0.63,-0.86
-0.06,-0.63,-0.83
-0.08,-0.64,-0.81
-0.06,-0.62,-0.71
-0.06,-0.61,-0.73
-0.08,-0.61,-0.75
-0.09,-0.64,-0.74
-0.07,-0.6,-0.73
-0.05,-0.61,-0.68
-0.1,-0.61,-0.7
-0.08,-0.62,-0.65
-0.05,-0.6,-0.61
-0.04,-0.6,-0.59
-0.04,-0.61,-0.54
-0.07,-0.62,-0.56
-0.04,-0.61,-0.51
-0.07,-0.62,-0.5
-0.07,-0.6,-0.48
-0.03,-0.6,-0.45
-0.06,-0.61,-0.5
-0.05,-0.6,-0.43
-0.05,-0.62,-0.39
-0.01,-0.6,-0.36
-0.06,-0.61,-0.35
-0.05,-0.61,-0.31
-0.04,-0.61,-0.25
0,-0.6,-0.24
-0.05,-0.61,-0.27
-0.05,-0.63,-0.24
-0.01,-0.6,-0.19
-0.01,-0.58,-0.16
-0.02,-0.58,-0.11
-0.05,-0.6,-0.14
0.01,-0.59,-0.08
-0.02,-0.61,-0.12
-0.01,-0.59,-0.05
-0.02,-0.61,-0.02
0,-0.53,0.06
-0.02,-0.62,0.02
-0.02,-0.57,0.11
-0.07,-0.61,0.15
-0.04,-0.58,0.23
-0.08,-0.63,0.22
-0.04,-0.59,0.25
-0.02,-0.59,0.29
-0.01,-0.55,0.25
0,-0.57,0.27
-0.01,-0.55,0.28
-0.02,-0.56,0.4
0.04,-0.52,0.4
0.02,-0.58,0.44
0.01,-0.56,0.48
-0.04,-0.62,0.55
-0.06,-0.66,0.54
-0.14,-0.6,0.54
-0.1,-0.65,0.53
-0.05,-0.61,0.54
-0.04,-0.61,0.63
-0.05,-0.64,0.64
-0.07,-0.61,0.63
-0.02,-0.64,0.66
-0.04,-0.6,0.69
-0.04,-0.59,0.66
-0.03,-0.68,0.72
-0.03,-0.58,0.7
-0.06,-0.62,0.74
-0.02,-0.58,0.8
-0.07,-0.64,0.75
-0.04,-0.6,0.83
-0.06,-0.61,0.87
-0.03,-0.59,0.89
-0.04,-0.59,0.89
-0.03,-0.59,0.92
-0.05,-0.6,0.88
-0.04,-0.6,0.84
-0.05,-0.6,0.88
-0.02,-0.6,0.9
-0.05,-0.6,0.84
-0.08,-0.62,0.82
-0.07,-0.62,0.83
-0.11,-0.64,0.79
-0.11,-0.59,0.77
-0.03,-0.58,0.76
-0.02,-0.54,0.76
-0.04,-0.54,0.71
0.04,-0.48,0.69
0.02,-0.46,0.67
0.08,-0.39,0.6
0.07,-0.38,0.56
0.01,-0.35,0.47
0.07,-0.28,0.5
0.05,-0.21,0.37
0.01,-0.18,0.37
0.04,-0.11,0.32
0,-0.04,0.29
-0.04,0.05,0.18
0.01,0.11,0.17
0,0.22,0.13
0.01,0.36,0.14
-0.03,0.49,0.1
-0.06,0.61,0.12
-0.09,0.72,0.07
-0.12,0.87,0.07
-0.12,0.99,0.03
-0.13,1.12,0.05
-0.15,1.24,0.03
-0.16,1.38,0.08
-0.14,1.53,0.09
-0.16,1.66,0.07
-0.18,1.82,0.1
-0.2,1.95,0.02
-0.18,2.11,0.06
-0.21,2.25,0.06
-0.23,2.38,0.02
-0.19,2.56,0
-0.24,2.73,-0.07
-0.24,2.92,-0.02
-0.19,3.14,-0.06
-0.09,3.36,-0.02
-0.04,3.63,-0.03
-0.01,3.9,-0.07
0.03,4.06,-0.19
-0.01,4.27,-0.25
-0.03,4.48,-0.34
-0.03,4.73,-0.36
-0.05,4.98,-0.3
-0.08,5.21,-0.3
-0.08,5.36,-0.44
-0.12,5.63,-0.28
-0.17,5.84,-0.28
-0.21,6,-0.24
-0.25,6.16,-0.32
-0.33,6.39,-0.16
-0.34,6.69,-0.19
-0.36,6.94,-0.15
-0.3,7.17,-0.13
-0.24,7.47,-0.21
-0.1,7.85,-0.19
-0.1,8.17,-0.25
-0.03,8.49,-0.28
0.02,8.66,-0.32
-0.02,8.91,-0.29
-0.11,9.24,-0.31
-0.16,9.55,-0.3
-0.19,9.81,-0.28
-0.21,10.05,-0.29
-0.25,10.33,-0.36
-0.22,10.64,-0.36
-0.27,10.95,-0.47
-0.32,11.24,-0.43
-0.06,11.71,-0.31
0,12.1,-0.29
0.13,12.52,-0.4
0.08,12.82,-0.47
0.11,13.15,-0.47
0.03,13.45,-0.55
-0.05,13.79,-0.55
-0.09,14.04,-0.64
-0.09,14.36,-0.74
-0.18,14.7,-0.68
-0.26,15.07,-0.59
-0.18,15.55,-0.52
-0.12,16.05,-0.55
-0.06,16.52,-0.54
0.01,16.88,-0.53
0.1,17.11,-0.47
0.01,17.48,-0.48
-0.03,17.86,-0.5
0,18.15,-0.43
0.03,18.48,-0.49
0.08,18.79,-0.57
0.06,19.12,-0.61
-0.05,19.44,-0.66
0.01,19.8,-0.72
0.12,20.23,-0.73
0.29,20.67,-0.73
0.36,21.1,-0.68
0.32,21.43,-0.67
0.27,21.8,-0.62
0.27,22.16,-0.66
0.22,22.48,-0.74
0.16,22.78,-0.76
0.13,23.21,-0.53
0.07,23.51,-0.6
0.04,23.87,-0.53
0.02,24.17,-0.61
0.09,24.52,-0.68
0.24,24.88,-0.74
0.32,25.29,-0.75
0.45,25.74,-0.74
0.49,26.1,-0.71
0.47,26.5,-0.67
0.45,26.9,-0.54
0.34,27.29,-0.47
0.3,27.74,-0.47
0.28,28.18,-0.48
0.23,28.63,-0.56
0.18,29.05,-0.59
0.16,29.5,-0.63
0.15,29.88,-0.68
0.14,30.24,-0.8
0.29,30.8,-0.88
0.16,31.07,-0.83
0.02,31.45,-0.77
-0.09,31.85,-0.65
-0.15,32.29,-0.56
-0.18,32.84,-0.48
-0.19,33.47,-0.44
-0.14,34.22,-0.43
-0.02,34.92,-0.51
0.1,35.64,-0.57
0.24,36.37,-0.49
0.38,37.01,-0.56
0.53,37.62,-0.55
0.7,38.14,-0.49
0.88,38.57,-0.74
1.04,38.85,-0.78
1.22,39.05,-0.74
0.81,39.32,-0.56
0.64,39.5,-0.59
0.58,39.72,-0.67
0.55,39.97,-0.75
0.47,40.12,-0.84
0.47,40.29,-0.86
0.49,40.7,-0.92
0.19,40.98,-0.74
0.03,41.27,-0.64
-0.18,41.66,-0.35
0.04,42.13,-0.46
0.12,42.51,-0.43
0.17,42.84,-0.39
0.17,43.15,-0.44
0.17,43.49,-0.44
0.03,44.06,-0.49
-0.17,44.56,-0.27
0.1,45.06,-0.39
0.05,45.47,-0.29
0.09,45.85,-0.44
1.02,46.63,-1.2
0.91,46.86,-1.16
0.79,47.29,-1.14
0.63,47.78,-1.1
0.68,48.19,-1.35
0.57,48.51,-1.39
0.58,48.9,-1.45
0.6,49.22,-1.48
0.63,49.56,-1.57
0.69,50,-1.56
0.46,50.19,-1.37
0.4,50.62,-1.35
0.35,51.07,-1.32
0.31,51.42,-1.31
0.45,51.75,-1.4
0.42,52.23,-0.92
0.41,52.62,-0.81
0.47,53.01,-0.87
0.49,53.33,-0.89
0.45,53.62,-0.91
0.8,54.43,-0.89
0.84,54.72,-0.9
0.5,55.21,-0.58
0.51,55.47,-0.68
0.53,55.74,-0.62
0.61,56.04,-0.75
0.55,56.31,-0.84
0.66,56.57,-1
0.73,56.93,-1.17
1.22,57.28,-1.8
1.12,57.71,-1.9
1.12,57.82,-2.04
0.79,58.45,-1.79
0.71,58.92,-1.7
0.65,59.36,-1.64
0.55,59.8,-1.54
0.48,60.23,-1.45
0.42,60.69,-1.23
0.35,61.29,-1.1
0.65,61.62,-1.2
0.74,62.06,-1.07
0.88,62.49,-1.06
1.02,62.8,-1.2
0.89,63.29,-1.21
0.89,63.72,-1.29
0.46,63.91,-1.03
0.52,64.28,-1.09
0.31,64.57,-0.91
0.32,65.12,-0.98
0.54,65.38,-1.17
0.79,65.66,-1.4
0.96,65.88,-1.54
1.07,66.17,-1.59
1.17,66.55,-1.54
1.05,66.9,-1.23
0.91,67.31,-1.05
0.65,67.75,-0.81
0.5,68.14,-0.72
0.28,68.52,-0.58
0.03,68.92,-0.41
0.1,69.41,-0.42
0.52,69.77,-0.79
0.22,69.87,-0.51
0.13,70.12,-0.51
0.15,70.42,-0.5
0.09,70.7,-0.33
0.53,71.01,-0.76
0.59,71.29,-0.79
0.98,71.52,-1.16
1.21,71.72,-1.46
1.04,72.04,-1.39
0.79,72.37,-1.24
0.51,72.72,-1.16
0.41,73,-1.16
-0.34,73.35,-0.47
-0.31,73.73,-0.5
-0.09,73.97,-0.68
0.02,74.18,-0.7
0.1,74.37,-0.73
-0.49,74.54,-0.13
-0.34,74.7,-0.22
-0.13,74.93,-0.38
0.1,75.15,-0.59
-0.02,75.31,-0.44
0.17,75.58,-0.61
-0.54,75.69,0.09
-0.44,75.88,-0.01
0.7,76.23,-1.06
0.77,76.41,-1.09
1.06,76.58,-1.33
1.31,76.89,-1.58
1.07,77.11,-1.34
0.5,77.39,-0.82
-0.47,77.77,0.17
-0.42,77.96,0.12
-0.46,78.14,0.18
-0.28,78.29,0.08
-0.17,78.47,0.04
0.1,78.62,-0.13
0.24,78.83,-0.19
0.18,78.98,-0.1
0.17,79.16,-0.06
0.05,79.3,0.1
0.06,79.55,0.16
0.1,79.73,0.14
0.14,79.9,0.16
0.17,80.08,0.19
0.26,80.29,0.18
0.2,80.48,0.26
0.31,80.62,0.18
0.19,80.83,0.35
0.89,81.04,-0.3
0.85,81.23,-0.27
1.36,81.54,-0.97
1.41,81.72,-1.1
1.77,82.03,-1.48
2.34,82.27,-2.12
1.82,82.63,-1.82
-0.37,82.94,0.37
-0.61,83.12,0.52
-1.49,83.32,1.43
-1.4,83.56,1.35
-1.38,83.75,1.31
2.52,84.02,-2.59
2.99,84.25,-3.13
3.77,84.46,-3.92
4.31,84.69,-4.52
4.78,84.92,-5.04
6.18,84.93,-6.44
7.03,85.12,-7.35
6.8,85.3,-7.16
7.56,85.4,-7.95
9.29,85.68,-9.71
9.14,85.76,-9.58
9.57,85.96,-10.01
8.34,86.32,-8.77
8.19,86.52,-8.64
3.2,86.94,-3.69
3.67,86.97,-4.15
5.15,87.12,-5.6
7.83,87.25,-8.26
8.65,87.39,-9.07
9.29,87.52,-9.69
10.12,87.64,-10.46
10.47,87.75,-10.79
11.49,87.87,-11.76
12.55,88.01,-12.73
12.83,88.16,-12.95
13.94,88.28,-14
14.48,88.43,-14.51
16.13,88.54,-16.09
16.24,88.63,-16.24
14.95,88.76,-14.92
15.2,88.88,-15.14
15.84,88.93,-15.77
16.01,89.04,-15.89
16.53,89.11,-16.44
16.5,89.19,-16.37
18.13,89.24,-17.99
18.16,89.29,-18.03
19.5,89.36,-19.34
21.25,89.41,-21.1
22.66,89.47,-22.48
26.87,89.51,-26.69
29.67,89.56,-29.51
33.85,89.62,-33.69
37.04,89.69,-36.9
46.03,89.72,-45.88
60.07,89.74,-59.89
75.16,89.8,-75.01
97,89.79,-96.86
105.85,89.76,-105.65
123.42,89.74,-123.21
131.77,89.68,-131.51
138.03,89.66,-137.87
140.18,89.59,-139.98
144.11,89.55,-143.86
148.01,89.49,-147.83
148.57,89.48,-148.44
150.8,89.45,-150.67
150.98,89.41,-150.92
154.43,89.37,-154.45
156.83,89.32,-156.88
157.97,89.3,-157.9
159.2,89.25,-159.28
160.94,89.19,-161.01
161.84,89.15,-161.91
160.86,89.12,-160.96
161.24,89.07,-161.34
161.75,89.07,-161.87
162.9,89.02,-163.07
162.98,88.98,-163.14
163.79,88.98,-163.97
162.5,88.99,-162.75
164.05,88.96,-164.29
164.69,88.94,-164.91
163.41,88.97,-163.67
164.86,88.95,-165.12
164.19,88.92,-164.4
164.59,88.91,-164.78
165.17,88.91,-165.36
164.24,88.91,-164.41
166.56,88.89,-166.74
165.53,88.9,-165.67
164.6,88.9,-164.75
166.08,88.89,-166.21
165.96,88.87,-166.07
164.29,88.9,-164.36
164.41,88.89,-164.46
164.4,88.88,-164.43
163.74,88.9,-163.72
163.45,88.92,-163.42
163.84,88.89,-163.77
163.68,88.93,-163.57
164.16,88.93,-164.04
163.95,88.93,-163.74
163.96,88.94,-163.77
164.17,88.9,-163.98
164.4,88.91,-164.18
162.47,88.93,-162.25
165.31,88.92,-165.08
164.07,88.92,-163.79
164.68,88.94,-164.43
163.93,88.93,-163.67
163.42,88.95,-163.13
163.82,88.95,-163.51
164.28,88.94,-163.96
163.06,88.96,-162.75
163.02,88.97,-162.67
164.11,88.95,-163.81
163.85,88.94,-163.56
164.16,88.97,-163.87
163.69,88.94,-163.38
163.33,88.93,-163.05
164.16,88.94,-163.86
163.51,88.94,-163.23
165.07,88.95,-164.79
162.6,88.96,-162.25
163.91,88.99,-163.57
163.3,88.97,-162.92
164.48,88.97,-164.07
163.59,88.95,-163.17
162.45,88.99,-161.98
162.88,88.97,-162.43
161.76,88.97,-161.32
163.71,88.96,-163.26
162.86,89,-162.37
163.58,89.01,-163.08
162.69,89,-162.18
163.41,89,-162.91
163.97,89.04,-163.45
164.17,89.02,-163.6
163.65,89.04,-163.08
164.44,89.04,-163.89
163.51,89.02,-162.91
164.45,89.01,-163.86
163.83,89.03,-163.23
163.38,89.02,-162.76
162.82,89.01,-162.2
163.32,89,-162.68
160.77,89.02,-160.13
162.42,89.03,-161.77
162.11,89.06,-161.46
163.34,89.04,-162.68
162.57,89.04,-161.91
162.88,89.04,-162.21
163.65,89.05,-163
164.41,89.05,-163.74
163.45,89.04,-162.76
165,89.02,-164.34
164.91,89.01,-164.27
164.31,89.05,-163.64
163.02,89.03,-162.33
163.49,89.03,-162.8
162.87,89.05,-162.16
162.7,89.06,-162
163.8,89.07,-163.08
164.12,89.07,-163.38
163.79,89.06,-163.06
162.87,89.06,-162.12
163.06,89.07,-162.34
164.79,89.08,-164.05
150.84,89.1,-150.07
154.08,89.07,-153.32
150.23,89.1,-149.46
151.13,89.05,-150.36
168.6,88.51,-167.9
-177.35,88.94,178.14
-176.48,88.97,177.24
-176.89,88.95,177.71
-177.25,88.95,178.06
-176.53,88.96,177.33
-175.74,88.97,176.54
-176.85,88.97,177.64
-176.37,88.99,177.15
-176.57,88.98,177.39
-176.39,89.02,177.18
-176.4,89.02,177.22
-177.4,89.04,178.24
-175.99,89.07,176.82
-175.42,89.1,176.24
-175.48,89.13,176.35
-176.37,89.15,177.27
-175.55,89.17,176.46
-174.69,89.21,175.61
-175.26,89.21,176.2
-175.09,89.25,176.06
-174.94,89.27,175.9
-175.01,89.31,176
-174.28,89.35,175.27
-173.03,89.39,174.01
-172.39,89.43,173.36
-173.45,89.48,174.45
-170.91,89.53,171.93
-170.67,89.58,171.68
-169.38,89.67,170.35
-167.47,89.74,168.49
-164.48,89.8,165.49
-157.29,89.87,158.3
-144.35,89.89,145.4
-77.73,89.91,78.83
-40.18,89.89,41.26
-25.59,89.79,26.7
-16.68,89.72,17.81
-11.56,89.63,12.74
-5.51,89.54,6.74
-2.13,89.42,3.42
-1.51,89.29,2.79
-2.32,89.18,3.56
-2.34,89.01,3.54
0.56,88.88,0.74
1.05,88.74,0.28
1.02,88.58,0.39
0.74,88.44,0.58
0.84,88.31,0.57
1.49,88.17,-0.09
6.67,88.02,-5.23
-0.34,87.72,1.8
1.23,87.57,0.2
1.57,87.37,-0.08
1.6,87.2,-0.06
3.24,87.06,-1.66
2.7,86.87,-1.13
7.86,86.54,-6.07
6.72,86.31,-4.97
6.79,86.1,-5
5.3,85.79,-3.51
5.69,85.68,-3.89
4.46,85.41,-2.62
3.93,85.22,-2.13
4.14,85.04,-2.34
3.33,84.88,-1.55
2.92,84.67,-1.11
2.75,84.44,-0.89
2.59,84.23,-0.75
1.91,83.99,-0.06
1.76,83.8,0.06
1.48,83.62,0.34
0.77,83.36,0.96
0.28,83.03,1.33
-0.09,82.76,1.65
-0.43,82.47,1.9
-0.48,82.19,1.92
-0.38,81.93,1.78
-0.08,81.64,1.41
0.19,81.38,1.14
1,81.16,0.31
0.97,80.83,0.36
0.44,80.55,0.89
0.65,80.22,0.7
0.79,79.89,0.56
0.68,79.6,0.61
0.65,79.32,0.57
0.64,79,0.53
0.08,78.63,1.04
0.03,78.32,1.03
0.36,77.9,0.66
0.99,77.54,-0.05
1.14,77.19,-0.21
1.38,76.66,-0.51
1.16,76.31,-0.36
0.86,75.92,-0.19
0.36,75.57,0.21
-1.1,75.03,1.66
-1.13,74.77,1.67
-1.19,74.48,1.81
0.19,74.15,0.43
-0.19,73.73,0.65
-0.45,73.38,0.85
-0.19,73.02,0.74
-0.31,72.72,0.78
0.18,72.15,0.42
0.44,71.7,0.19
0.75,71.32,-0.14
1.17,70.92,-0.49
1.38,70.51,-0.72
1.25,70.21,-0.63
1.03,69.83,-0.43
0.79,69.42,-0.14
0.48,68.99,0.34
0.03,68.5,0.8
0.1,68.09,0.74
0.13,67.81,0.62
0.09,67.28,0.73
0.33,66.88,0.53
0.35,66.56,0.51
0.44,66.19,0.42
0.49,65.85,0.33
0.74,65.45,0.1
0.78,65,0.08
0.6,64.72,0.18
0.55,64.34,0.19
0.4,63.85,0.26
0.33,63.39,0.23
0.38,62.74,0.1
0.61,62.2,-0.25
0.49,61.63,-0.29
0.72,61.17,-0.65
0.84,60.67,-0.88
0.87,60.18,-0.99
0.65,59.86,-0.73
0.5,59.5,-0.51
0,58.87,0.09
0.11,58.37,0.14
0.2,57.92,0.18
0.19,57.54,0.32
0.16,57.12,0.43
0.25,56.72,0.5
0.51,56.01,0.26
0.21,55.56,0.59
0.05,55.04,1.03
0.42,54.38,0.12
0.43,53.88,0.03
0.3,53.46,0.19
0.27,52.99,0.23
0.3,52.6,0.29
0.6,51.56,0.07
0.65,51.25,-0.03
0.75,50.83,-0.02
0.66,50.38,0.02
0.58,49.85,-0.07
0.39,49.38,-0.02
0.29,48.93,-0.07
0.48,48.23,-0.37
0.82,47.68,-0.5
0.74,47.19,-0.4
0.6,46.67,-0.15
0.5,46.27,0.06
0.54,45.89,0.24
0.39,45.25,0.29
0.59,44.77,0.17
0.57,44.11,0.18
0.58,43.72,0.27
0.33,43.16,0.45
0.15,42.57,0.56
-0.22,42.1,0.69
0,41.59,0.44
0.16,41.03,0.29
0.09,40.46,0.48
0.05,40.09,0.61
0,39.66,0.59
-0.21,39.06,0.71
-0.01,38.66,0.54
0.06,38.2,0.41
0.16,37.71,0.25
0.15,37.21,0.31
0.12,36.81,0.31
-0.29,35.99,0.59
-0.15,35.74,0.53
0.02,35.26,0.51
0.21,34.8,0.45
0.07,34.21,0.59
-0.05,33.75,0.73
-0.27,33.3,0.86
-0.01,32.53,0.8
0.07,32.13,0.75
0.11,31.65,0.69
0.14,31.22,0.69
0.16,30.79,0.68
0.16,30.39,0.72
0.22,29.95,0.67
0.24,29.51,0.44
0.3,29.08,0.39
0.31,28.56,0.41
0.16,28.1,0.4
0.08,27.63,0.35
-0.06,27.14,0.37
-0.15,26.67,0.36
-0.15,26.23,0.39
-0.07,25.82,0.37
-0.03,25.36,0.31
0.04,24.93,0.19
0.08,24.47,0.15
0.08,24.13,0.25
0.09,23.73,0.24
0.13,23.3,0.29
0.17,22.92,0.42
0.08,22.49,0.55
-0.05,22.02,0.67
-0.16,21.54,0.77
-0.23,21.1,0.77
-0.24,20.76,0.69
-0.24,20.35,0.54
-0.16,20.02,0.48
-0.12,19.65,0.34
-0.08,19.3,0.26
0.01,18.95,0.16
0.06,18.6,0.07
0.05,18.24,0.05
-0.12,17.9,0.09
-0.23,17.57,0.09
-0.26,17.27,0.02
-0.18,17.02,0
-0.2,16.8,0.03
-0.16,16.5,0.05
-0.15,16.25,0.21
-0.07,16.26,0.51
0,15.88,0.3
0.02,15.83,0.41
0.04,15.61,0.38
0.05,15.41,0.43
-0.08,15.19,0.5
-0.12,14.96,0.48
-0.15,14.71,0.49
-0.17,14.53,0.49
-0.13,14.31,0.48
-0.06,14.09,0.48
-0.03,13.95,0.45
0.06,13.78,0.51
0.1,13.59,0.47
0.13,13.43,0.42
0.19,13.22,0.38
0.14,13.02,0.38
-0.03,12.77,0.41
-0.1,12.56,0.49
-0.11,12.39,0.42
-0.06,12.19,0.41
-0.14,11.97,0.27
-0.18,11.77,0.14
-0.11,11.51,0.14
-0.07,11.32,0.1
-0.09,10.98,0.06
-0.01,10.76,0.05
0.03,10.47,0
0.06,10.3,0.04
0.04,10.09,0.09
-0.08,9.8,0.13
-0.15,9.59,0.2
-0.23,9.25,0.22
-0.22,8.86,0.15
-0.27,8.58,0.18
-0.26,8.33,0.2
-0.24,8.09,0.29
-0.32,7.92,0.25
-0.31,7.73,0.32
-0.2,7.47,0.47
-0.15,7.2,0.49
-0.1,6.98,0.47
-0.05,6.76,0.48
-0.13,6.57,0.42
-0.06,6.38,0.59
-0.07,6.14,0.56
-0.05,5.9,0.59
-0.1,5.56,0.6
-0.2,5.32,0.6
-0.35,5.11,0.71
-0.35,4.93,0.57
-0.34,4.76,0.57
-0.32,4.61,0.62
-0.32,4.43,0.5
-0.3,4.29,0.5
-0.3,4.15,0.56
-0.36,3.97,0.32
-0.29,3.83,0.45
-0.26,3.72,0.47
-0.24,3.6,0.46
-0.29,3.45,0.28
-0.16,3.33,0.44
-0.08,3.16,0.33
-0.09,3.16,0.43
-0.13,3.05,0.22
-0.18,2.93,0.23
-0.18,2.81,0.26
-0.19,2.69,0.32
-0.27,2.49,0.27
-0.32,2.37,0.25
-0.37,2.25,0.3
-0.42,2.13,0.3
-0.44,2.07,0.22
-0.44,2,0.17
-0.48,1.93,0.18
-0.48,1.88,0.14
-0.5,1.82,0.07
-0.51,1.82,0.11
-0.5,1.79,0.14
-0.46,1.73,0.08
-0.43,1.79,0.19
-0.42,1.74,0.18
-0.39,1.72,0.16
-0.37,1.59,0.06
-0.35,1.56,0.06
-0.34,1.58,0.06
-0.33,1.59,0.07
-0.35,1.55,0.1
-0.34,1.53,0.13
-0.29,1.55,0.13
-0.3,1.53,0.17
-0.3,1.53,0.14
-0.15,1.47,0.21
-0.27,1.55,0.24
-0.13,1.48,0.22
-0.15,1.47,0.22
-0.12,1.5,0.26
-0.14,1.5,0.25
-0.12,1.47,0.26
-0.16,1.46,0.28
-0.15,1.46,0.26
-0.18,1.45,0.28
-0.2,1.43,0.31
-0.17,1.44,0.28
-0.21,1.39,0.32
-0.23,1.35,0.31
-0.33,1.43,0.33
-0.32,1.43,0.34
-0.27,1.39,0.39
-0.29,1.31,0.4
-0.28,1.24,0.39
-0.28,1.19,0.37
-0.32,1.11,0.39
-0.3,1.04,0.37
-0.32,0.95,0.32
-0.31,0.86,0.4
-0.25,0.8,0.52
-0.27,0.72,0.5
-0.28,0.67,0.55
-0.28,0.61,0.5
-0.32,0.56,0.54
-0.27,0.5,0.53
-0.28,0.49,0.55
-0.27,0.41,0.51
-0.28,0.38,0.5
-0.28,0.36,0.49
-0.39,0.3,0.31
-0.31,0.33,0.5
-0.41,0.29,0.35
-0.38,0.3,0.33
-0.38,0.31,0.37
-0.34,0.34,0.38
-0.36,0.34,0.33
-0.4,0.39,0.24
-0.36,0.44,0.26
-0.36,0.47,0.23
-0.28,0.55,0.37
-0.29,0.6,0.34
-0.31,0.61,0.28
-0.31,0.64,0.28
-0.28,0.67,0.28
-0.26,0.68,0.23
-0.31,0.73,0.3
-0.31,0.76,0.33
-0.21,0.85,0.49
-0.24,0.87,0.46
-0.21,0.88,0.42
-0.22,0.9,0.49
-0.2,0.94,0.48
-0.22,0.92,0.44
-0.18,0.94,0.43
-0.21,0.95,0.55
-0.2,0.97,0.52
-0.15,0.94,0.52
-0.17,0.95,0.57
-0.2,0.93,0.52
-0.18,0.93,0.56
-0.14,0.93,0.57
-0.12,0.91,0.61
-0.14,0.92,0.58
-0.11,0.91,0.6
-0.15,0.88,0.59
-0.1,0.86,0.6
-0.13,0.83,0.59
-0.12,0.79,0.62
-0.15,0.73,0.64
-0.08,0.7,0.67
-0.1,0.71,0.64
-0.09,0.66,0.6
-0.11,0.62,0.61
-0.08,0.6,0.64
-0.06,0.57,0.68
-0.05,0.54,0.59
-0.08,0.52,0.61
-0.06,0.48,0.64
-0.05,0.47,0.64
-0.02,0.43,0.67
-0.08,0.41,0.68
-0.03,0.4,0.67
-0.05,0.39,0.71
-0.01,0.34,0.75
-0.07,0.34,0.75
-0.04,0.37,0.79
-0.02,0.38,0.77
0.03,0.36,0.8
-0.03,0.38,0.85
0.02,0.4,0.8
-0.03,0.39,0.83
-0.02,0.4,0.83
0.01,0.38,0.84
-0.02,0.38,0.85
0,0.38,0.93
-0.02,0.36,0.85
-0.05,0.35,0.91
-0.02,0.35,0.9
-0.06,0.35,0.88
-0.01,0.36,0.95
0,0.34,0.9
0.01,0.34,0.85
0.01,0.35,0.95
-0.01,0.38,0.86
0.05,0.36,0.9
0.02,0.37,0.96
0.01,0.36,0.91
-0.01,0.36,0.91
-0.01,0.37,0.92
-0.04,0.35,0.9
-0.06,0.31,0.83
-0.02,0.33,0.92
0.04,0.34,0.93
0.04,0.31,0.89
-0.02,0.31,0.89
0.01,0.33,0.85
-0.01,0.35,0.88
0.06,0.36,0.91
0.01,0.37,0.9
0,0.36,0.91
-0.01,0.37,0.85
0.03,0.36,0.87
-0.03,0.36,0.86
-0.03,0.36,0.85
-0.03,0.33,0.89
-0.03,0.37,0.84
-0.02,0.35,0.84
-0.05,0.34,0.79
-0.04,0.35,0.8
-0.06,0.34,0.74
0.03,0.34,0.8
-0.03,0.34,0.75
0.04,0.36,0.81
-0.04,0.35,0.73
-0.03,0.33,0.77
-0.03,0.37,0.79
-0.05,0.34,0.73
-0.03,0.33,0.77
-0.04,0.32,0.74
-0.03,0.35,0.72
-0.02,0.31,0.72
0,0.3,0.7
0,0.3,0.72
0.02,0.33,0.69
-0.01,0.32,0.71
-0.02,0.31,0.72
0,0.32,0.71
0,0.33,0.7
-0.03,0.33,0.71
-0.02,0.34,0.71
0,0.31,0.73
-0.07,0.29,0.71
-0.01,0.33,0.7
-0.01,0.33,0.69
-0.01,0.33,0.78
-0.04,0.32,0.7
-0.04,0.33,0.71
0,0.32,0.76
-0.01,0.31,0.71
0,0.31,0.73
0.01,0.32,0.79
-0.03,0.34,0.71
-0.03,0.29,0.74
-0.01,0.3,0.8
-0.02,0.29,0.78
-0.06,0.33,0.71
-0.06,0.32,0.72
-0.04,0.34,0.73
-0.04,0.32,0.76
-0.04,0.35,0.69
0.04,0.33,0.74
0.03,0.34,0.73
-0.03,0.33,0.74
-0.03,0.31,0.73
-0.01,0.31,0.74
-0.03,0.29,0.72
-0.01,0.29,0.69
-0.03,0.28,0.63
-0.01,0.3,0.65
0.02,0.28,0.6
0.01,0.31,0.59
-0.07,0.32,0.54
-0.02,0.33,0.5
-0.04,0.31,0.43
-0.12,0.33,0.37
-0.09,0.35,0.36
-0.06,0.31,0.3
-0.13,0.3,0.26
-0.1,0.32,0.16
-0.13,0.27,0.09
-0.12,0.27,-0.06
-0.13,0.28,-0.09
-0.14,0.29,-0.16
-0.14,0.27,-0.22
-0.15,0.3,-0.36
-0.17,0.32,-0.42
-0.14,0.31,-0.5
-0.16,0.29,-0.62
-0.17,0.3,-0.71
-0.15,0.28,-0.79
-0.22,0.31,-0.85
-0.22,0.3,-0.98
-0.24,0.3,-1.03
-0.24,0.31,-1.09
-0.21,0.3,-1.06
-0.26,0.27,-1.26
-0.25,0.31,-1.35
-0.23,0.29,-1.51
-0.23,0.26,-1.69
-0.21,0.18,-1.98
-0.21,0.18,-2.15
-0.21,0.22,-2.21
-0.24,0.19,-2.34
-0.28,0.16,-2.31
-0.28,0.22,-2.45
-0.27,0.24,-2.62
-0.28,0.22,-2.75
-0.32,0.23,-2.87
-0.25,0.26,-2.93
-0.28,0.24,-3.2
-0.31,0.26,-3.33
-0.29,0.18,-3.6
-0.32,0.22,-3.8
-0.33,0.17,-4.17
-0.35,0.15,-4.46
-0.4,0.14,-4.79
-0.41,0.14,-5.05
-0.42,0.13,-5.31
-0.43,0.09,-5.58
-0.42,0,-5.88
-0.4,0,-6.3
-0.43,0.12,-6.28
-0.43,0.11,-6.68
-0.39,0.15,-6.86
-0.27,0.17,-7.2
-0.23,0.26,-7.44
-0.18,0.31,-7.67
-0.17,0.33,-8.17
-0.19,0.36,-8.48
-0.2,0.37,-8.88
-0.21,0.4,-9.26
-0.22,0.38,-9.82
-0.23,0.33,-10.3
-0.23,0.42,-10.38
-0.2,0.42,-10.87
-0.25,0.42,-11.3
-0.2,0.43,-11.79
-0.24,0.5,-12.19
-0.26,0.5,-12.68
-0.22,0.54,-13.08
-0.21,0.56,-13.44
-0.23,0.46,-14
-0.25,0.5,-14.46
-0.25,0.54,-14.81
-0.16,0.5,-15.34
-0.11,0.6,-15.87
-0.04,0.66,-16.53
0.05,0.72,-17.06
0.03,0.75,-17.43
-0.01,0.82,-17.98
-0.05,0.84,-18.29
-0.06,0.82,-19.14
-0.05,0.84,-19.77
-0.07,0.85,-20.27
-0.11,0.89,-20.87
-0.1,0.91,-21.3
-0.11,0.98,-21.8
-0.13,0.98,-22.5
-0.17,0.93,-23.1
-0.05,1.08,-23.58
0.17,1.02,-24.44
0.2,1.02,-25.09
0.19,1.07,-25.47
0.15,1.12,-25.97
0.1,1.13,-26.78
0.05,1.12,-27.38
0.03,1.12,-28.15
-0.03,1.09,-28.68
-0.07,1.09,-29.34
-0.09,1.01,-30.02
-0.09,0.98,-30.61
0.03,1.08,-31.23
0.24,1.2,-31.93
0.24,1.17,-32.58
0.21,1.17,-33.22
0.25,1.15,-33.74
0.24,1.11,-34.62
0.15,1.08,-35.45
0.11,1.11,-36.16
0.04,1.04,-37
0,1.01,-37.56
0.09,1.08,-38.13
0.19,1.1,-38.96
0.2,1.18,-39.7
0.16,1.17,-40.41
0.14,1.14,-41.1
0.12,1.09,-41.68
0.11,1.08,-42.15
0.07,1.09,-42.99
0.04,1.02,-43.67
0.14,1.11,-44.34
0.28,1.19,-44.99
0.37,1.27,-45.69
0.36,1.3,-46.28
0.32,1.28,-46.92
0.28,1.22,-47.61
0.21,1.23,-48.2
0.12,1.22,-48.82
0.08,1.2,-49.59
0.09,1.17,-50.3
0.15,1.24,-50.95
0.23,1.33,-51.54
0.21,1.32,-52.13
0.17,1.34,-52.95
0.19,1.29,-53.55
0.16,1.24,-54.11
0.15,1.22,-54.63
0.15,1.19,-55.28
0.19,1.25,-55.98
0.2,1.33,-56.73
0.29,1.36,-57.24
0.28,1.38,-57.82
0.24,1.31,-58.38
0.24,1.27,-58.99
0.24,1.3,-59.45
0.22,1.27,-59.98
0.22,1.21,-60.52
0.24,1.16,-60.97
0.25,1.17,-61.6
0.34,1.23,-62.08
0.4,1.29,-62.73
0.4,1.29,-63.21
0.37,1.29,-63.82
0.28,1.21,-64.35
0.22,1.18,-64.9
0.2,1.18,-65.51
0.21,1.2,-66.13
0.2,1.18,-66.73
0.27,1.26,-67.28
0.34,1.32,-67.87
0.4,1.4,-68.46
0.55,1.29,-68.9
0.51,1.27,-69.47
0.46,1.33,-69.83
0.4,1.34,-70.38
0.3,1.31,-70.77
0.24,1.3,-71.33
0.19,1.27,-71.83
0.17,1.22,-72.49
0.15,1.33,-72.87
0.14,1.43,-73.41
0.2,1.49,-73.99
0.23,1.54,-74.58
0.23,1.53,-75.14
0.21,1.5,-75.58
0.22,1.5,-76.06
0.2,1.46,-76.61
0.18,1.46,-77.2
0.12,1.39,-77.79
0.19,1.39,-78.27
0.21,1.35,-78.81
0.35,1.45,-79.07
0.44,1.47,-79.42
0.51,1.47,-79.83
0.55,1.4,-80.31
0.56,1.38,-80.74
0.56,1.37,-81.18
0.5,1.35,-81.79
0.45,1.32,-82.19
0.35,1.31,-82.63
0.36,1.28,-82.87
0.29,1.3,-83.33
0.18,1.15,-83.82
0.26,1.23,-84.27
0.32,1.27,-84.66
0.32,1.29,-85.22
0.37,1.34,-85.61
0.4,1.44,-85.95
0.42,1.41,-86.3
0.45,1.36,-86.6
0.46,1.32,-87.01
0.47,1.23,-87.32
0.49,1.14,-87.68
0.51,1.1,-87.96
0.57,1.02,-88.26
0.57,0.93,-88.62
0.54,0.94,-88.95
0.56,0.9,-89.12
0.57,0.84,-89.32
0.59,0.83,-89.51
0.6,0.8,-89.82
0.63,0.79,-89.88
0.62,0.82,-90.14
0.62,0.79,-90.31
0.57,0.8,-90.5
0.54,0.81,-90.61
0.51,0.8,-90.75
0.48,0.79,-90.8
0.46,0.8,-90.91
0.45,0.83,-91.07
0.41,0.81,-91.13
0.44,0.83,-91.21
0.41,0.84,-91.3
0.45,0.83,-91.4
0.44,0.84,-91.47
0.47,0.86,-91.6
0.44,0.83,-91.61
0.43,0.83,-91.71
0.44,0.82,-91.76
0.4,0.8,-91.81
0.41,0.78,-91.82
0.42,0.77,-91.78
0.41,0.77,-91.79
0.44,0.78,-91.82
0.41,0.77,-91.81
0.42,0.83,-91.84
0.4,0.8,-91.81
0.38,0.81,-91.75
0.4,0.84,-91.74
0.39,0.81,-91.69
0.37,0.85,-91.65
0.35,0.8,-91.57
0.38,0.85,-91.54
0.37,0.82,-91.49
0.39,0.8,-91.37
0.4,0.83,-91.34
0.42,0.82,-91.24
0.39,0.81,-91.24
0.42,0.82,-91.15
0.4,0.81,-91.12
0.44,0.83,-91.08
0.45,0.83,-90.97
0.44,0.87,-90.96
0.44,0.86,-90.93
0.46,0.88,-90.84
0.47,0.86,-90.8
0.46,0.86,-90.73
0.45,0.83,-90.7
0.44,0.82,-90.67
0.42,0.8,-90.62
0.4,0.8,-90.63
0.4,0.81,-90.58
0.36,0.84,-90.59
0.37,0.86,-90.61
0.38,0.86,-90.56
0.4,0.9,-90.56
0.4,0.83,-90.5
0.43,0.81,-90.48
0.42,0.83,-90.49
0.44,0.82,-90.46
0.41,0.83,-90.45
0.44,0.81,-90.43
0.41,0.78,-90.44
0.41,0.83,-90.47
0.4,0.77,-90.45
0.39,0.85,-90.5
0.41,0.81,-90.44
0.39,0.81,-90.46
0.39,0.86,-90.5
0.41,0.82,-90.43
0.4,0.82,-90.44
0.41,0.81,-90.45
0.39,0.8,-90.45
0.38,0.81,-90.49
0.4,0.8,-90.47
0.35,0.77,-90.48
0.38,0.79,-90.47
0.35,0.77,-90.48
0.36,0.86,-90.49
0.35,0.85,-90.53
0.4,0.85,-90.47
0.4,0.85,-90.47
0.41,0.83,-90.43
0.39,0.85,-90.5
0.4,0.83,-90.46
0.4,0.8,-90.42
0.37,0.77,-90.4
0.37,0.78,-90.45
0.37,0.76,-90.43
0.36,0.83,-90.49
0.35,0.83,-90.51
0.37,0.81,-90.49
0.39,0.81,-90.48
0.39,0.87,-90.5
0.41,0.81,-90.44
0.42,0.92,-90.53
0.44,0.84,-90.43
0.44,0.86,-90.49
0.44,0.83,-90.46
0.42,0.84,-90.49
0.4,0.81,-90.48
0.4,0.78,-90.46
0.4,0.79,-90.48
0.35,0.84,-90.54
0.39,0.77,-90.48
0.36,0.86,-90.62
0.4,0.81,-90.5
0.4,0.82,-90.53
0.42,0.82,-90.49
0.42,0.81,-90.47
0.43,0.83,-90.5
0.41,0.84,-90.52
0.43,0.84,-90.51
0.42,0.82,-90.53
0.41,0.82,-90.52
0.37,0.84,-90.58
0.42,0.81,-90.52
0.38,0.79,-90.52
0.4,0.86,-90.56
0.4,0.81,-90.5
0.41,0.84,-90.52
0.4,0.81,-90.49
0.43,0.84,-90.49
0.44,0.84,-90.52
0.42,0.82,-90.48
0.43,0.83,-90.48
0.43,0.82,-90.44
0.41,0.79,-90.5
0.41,0.8,-90.48
0.42,0.8,-90.45
0.41,0.8,-90.46
0.42,0.83,-90.52
0.42,0.9,-90.55
0.43,0.85,-90.49
0.42,0.9,-90.53
0.45,0.88,-90.47
0.44,0.85,-90.5
0.46,0.83,-90.46
0.42,0.83,-90.49
0.44,0.84,-90.46
0.39,0.77,-90.45
0.41,0.76,-90.44
0.41,0.77,-90.45
0.41,0.79,-90.46
0.4,0.78,-90.45
0.44,0.8,-90.43
0.42,0.83,-90.46
0.46,0.84,-90.43
0.45,0.85,-90.42
0.45,0.85,-90.44
0.46,0.86,-90.44
0.44,0.83,-90.44
0.44,0.83,-90.43
0.44,0.79,-90.4
0.41,0.78,-90.42
0.38,0.81,-90.44
0.4,0.77,-90.45
0.41,0.79,-90.45
0.43,0.82,-90.43
0.42,0.84,-90.47
0.43,0.8,-90.43
0.43,0.82,-90.45
0.45,0.86,-90.45
0.43,0.82,-90.46
0.46,0.87,-90.45
0.45,0.83,-90.43
0.44,0.81,-90.42
0.43,0.77,-90.42
0.41,0.81,-90.48
0.44,0.8,-90.44
0.43,0.82,-90.48
0.45,0.81,-90.46
0.44,0.84,-90.46
0.46,0.84,-90.51
0.47,0.85,-90.46
0.45,0.87,-90.48
0.43,0.84,-90.47
0.44,0.82,-90.45
0.43,0.8,-90.45
0.4,0.77,-90.42
0.41,0.78,-90.45
0.43,0.79,-90.43
0.43,0.78,-90.42
0.41,0.84,-90.46
0.45,0.83,-90.47
0.47,0.86,-90.44
0.46,0.85,-90.46
0.48,0.86,-90.43
0.47,0.85,-90.42
0.48,0.86,-90.44
0.49,0.85,-90.41
0.47,0.84,-90.42
0.45,0.81,-90.42
0.43,0.82,-90.44
0.43,0.79,-90.42
0.42,0.76,-90.4
0.45,0.79,-90.42
0.44,0.78,-90.41
0.45,0.81,-90.41
0.42,0.83,-90.43
0.48,0.85,-90.42
0.46,0.85,-90.43
0.46,0.85,-90.42
0.47,0.86,-90.42
0.47,0.85,-90.43
0.46,0.83,-90.42
0.43,0.79,-90.43
0.43,0.8,-90.42
0.44,0.78,-90.41
0.43,0.81,-90.43
0.43,0.81,-90.39
0.44,0.82,-90.39
0.42,0.84,-90.42
0.46,0.83,-90.38
0.47,0.86,-90.4
0.46,0.81,-90.35
0.47,0.8,-90.33
0.47,0.83,-90.37
0.44,0.81,-90.38
0.46,0.79,-90.35
0.44,0.79,-90.37
0.46,0.82,-90.35
0.45,0.82,-90.37
0.47,0.82,-90.34
0.48,0.83,-90.35
0.49,0.85,-90.33
0.46,0.86,-90.35
0.48,0.86,-90.36
0.49,0.84,-90.32
0.5,0.83,-90.32
0.45,0.83,-90.35
0.45,0.83,-90.34
0.45,0.75,-90.28
0.42,0.78,-90.33
0.42,0.78,-90.38
0.44,0.78,-90.33
0.47,0.8,-90.32
0.45,0.79,-90.35
0.46,0.89,-90.39
0.47,0.88,-90.37
0.5,0.87,-90.33
0.5,0.87,-90.32
0.5,0.85,-90.29
0.51,0.86,-90.31
0.5,0.85,-90.31
0.48,0.82,-90.32
0.49,0.8,-90.28
0.46,0.78,-90.29
0.45,0.8,-90.33
0.45,0.77,-90.3
0.45,0.78,-90.34
0.45,0.83,-90.36
0.47,0.8,-90.34
0.47,0.83,-90.35
