NO_OF_FRAMES	519
NO_OF_CAMERAS	8
NO_OF_MARKERS	3
FREQUENCY	240
NO_OF_ANALOG	0
ANALOG_FREQUENCY	0
DESCRIPTION	--
TIME_STAMP	2012-03-21, 16:32:58	451699.34750673
DATA_INCLUDED	3D
MARKER_NAMES	New 0000	New 0001	New 0002
Frame	Time	New 0000 X	New 0000 Y	New 0000 Z	New 0001 X	New 0001 Y	New 0001 Z	New 0002 X	New 0002 Y	New 0002 Z	
664	2.76667	466.493	-17.517	-1880.554	438.467	33.427	-1982.591	482.120	438.694	-1901.170
665	2.77083	466.684	-17.417	-1880.407	438.364	33.411	-1982.487	482.049	438.928	-1900.104
666	2.77500	466.517	-17.558	-1880.270	438.225	33.401	-1982.437	481.860	439.149	-1899.082
667	2.77917	466.476	-17.582	-1880.269	438.329	33.587	-1982.357	481.560	439.215	-1898.372
668	2.78333	466.552	-17.482	-1880.374	438.153	33.692	-1982.340	481.076	439.574	-1897.263
669	2.78750	466.462	-17.527	-1880.388	438.387	33.922	-1982.244	481.005	440.061	-1896.249
670	2.79167	466.541	-17.479	-1880.377	438.469	34.051	-1982.238	480.976	440.396	-1895.152
671	2.79583	466.597	-17.454	-1880.242	438.370	34.240	-1982.262	480.817	440.260	-1894.287
672	2.80000	466.726	-17.381	-1880.246	438.343	34.444	-1982.201	480.814	440.402	-1893.433
673	2.80417	466.725	-17.426	-1880.249	438.226	34.609	-1982.278	480.635	440.523	-1892.592
674	2.80833	467.017	-17.218	-1880.190	438.144	34.778	-1982.210	480.651	440.607	-1891.853
675	2.81250	466.978	-17.242	-1880.096	438.710	35.452	-1980.964	480.639	440.461	-1891.019
676	2.81667	466.974	-17.242	-1880.097	437.806	35.949	-1981.449	481.041	440.675	-1890.102
677	2.82083	466.813	-17.384	-1880.034	437.433	36.554	-1981.251	480.811	440.600	-1889.318
678	2.82500	466.810	-17.399	-1879.797	437.202	37.393	-1980.926	480.816	440.677	-1888.517
679	2.82917	466.706	-17.404	-1879.794	436.841	38.010	-1980.540	480.888	440.700	-1887.884
680	2.83333	466.872	-17.320	-1879.694	436.229	38.749	-1980.274	480.881	440.592	-1887.114
681	2.83750	466.641	-17.444	-1879.690	435.186	39.245	-1980.701	481.036	440.773	-1886.420
682	2.84167	466.616	-17.522	-1879.543	435.636	39.559	-1979.774	480.901	440.717	-1885.455
683	2.84583	466.787	-17.375	-1879.451	435.290	39.847	-1979.675	481.066	440.837	-1884.484
684	2.85000	467.016	-17.302	-1878.747	435.045	39.956	-1979.501	481.136	440.945	-1883.591
685	2.85417	466.908	-17.390	-1878.833	434.677	40.187	-1979.509	481.212	441.026	-1882.815
686	2.85833	466.717	-17.092	-1878.889	435.611	41.137	-1979.462	481.014	440.993	-1881.769
687	2.86250	466.418	-16.801	-1879.044	434.521	40.929	-1979.481	481.084	441.088	-1880.586
688	2.86667	466.011	-16.794	-1879.160	434.025	40.862	-1979.487	480.987	441.151	-1879.233
689	2.87083	467.651	-15.366	-1878.981	433.907	41.229	-1979.302	480.679	441.058	-1878.046
690	2.87500	467.406	-15.070	-1879.130	433.728	41.623	-1979.174	480.642	441.503	-1876.468
691	2.87917	467.118	-14.945	-1878.995	433.148	41.891	-1978.901	480.403	440.869	-1875.054
692	2.88333	466.786	-14.884	-1879.071	432.784	42.146	-1978.815	480.007	440.566	-1873.434
693	2.88750	466.466	-14.652	-1879.073	433.024	42.598	-1978.215	479.554	440.296	-1871.712
694	2.89167	466.280	-14.442	-1879.134	432.063	43.505	-1977.855	479.970	440.191	-1869.922
695	2.89583	465.770	-14.756	-1879.260	431.129	44.448	-1977.855	479.357	440.272	-1867.927
696	2.90000	463.677	-15.737	-1879.527	430.411	45.297	-1977.720	479.181	440.091	-1866.026
697	2.90417	463.430	-15.672	-1879.589	429.978	46.303	-1977.104	479.210	439.752	-1863.603
698	2.90833	463.197	-15.426	-1879.840	429.599	46.562	-1977.008	479.173	439.828	-1861.478
699	2.91250	463.070	-15.304	-1879.779	429.250	46.797	-1976.781	478.767	440.005	-1859.068
700	2.91667	462.620	-15.140	-1879.966	428.800	47.079	-1976.655	478.889	440.063	-1856.853
701	2.92083	462.352	-14.846	-1879.906	428.685	47.447	-1976.309	478.757	439.928	-1854.347
702	2.92500	462.093	-14.737	-1879.981	428.198	47.813	-1976.258	478.489	439.577	-1851.828
703	2.92917	461.717	-14.602	-1879.997	427.816	48.381	-1976.027	478.306	439.766	-1849.016
704	2.93333	461.272	-14.402	-1880.045	427.729	49.001	-1975.896	478.108	439.721	-1846.318
705	2.93750	460.900	-14.197	-1880.245	426.355	48.156	-1975.775	478.118	439.827	-1843.567
706	2.94167	460.517	-14.171	-1880.213	426.102	49.249	-1974.844	477.826	439.709	-1840.721
707	2.94583	459.719	-13.809	-1880.111	425.560	50.944	-1974.323	478.146	439.791	-1837.593
708	2.95000	459.114	-13.569	-1880.205	425.270	52.534	-1973.820	477.839	439.488	-1834.733
709	2.95417	458.214	-13.631	-1880.154	425.116	54.114	-1973.137	478.270	439.250	-1831.648
710	2.95833	457.558	-12.964	-1880.723	424.923	54.748	-1972.907	477.957	438.663	-1828.165
711	2.96250	456.906	-13.227	-1880.074	424.733	54.979	-1972.673	478.466	438.513	-1824.830
712	2.96667	456.762	-13.313	-1880.010	424.828	55.556	-1972.415	479.593	438.590	-1821.612
713	2.97083	457.700	-12.768	-1880.115	424.906	56.098	-1972.007	479.803	438.166	-1817.717
714	2.97500	457.593	-12.745	-1880.062	425.246	56.755	-1971.406	480.301	437.629	-1813.619
715	2.97917	457.630	-12.629	-1880.048	425.676	57.402	-1970.779	480.690	437.134	-1809.470
716	2.98333	459.030	-11.031	-1879.865	426.261	58.219	-1970.022	481.032	436.726	-1805.048
717	2.98750	457.778	-12.571	-1879.357	426.544	58.892	-1969.461	481.916	435.947	-1800.554
718	2.99167	457.829	-12.591	-1879.093	427.545	60.087	-1968.034	482.165	435.503	-1795.896
719	2.99583	462.715	-8.389	-1878.546	427.643	61.884	-1967.165	482.968	434.653	-1790.997
720	3.00000	463.103	-8.830	-1878.236	427.758	63.541	-1966.260	483.964	434.235	-1785.914
721	3.00417	463.373	-8.711	-1877.870	428.661	65.959	-1965.007	484.563	433.423	-1780.710
722	3.00833	463.309	-8.068	-1877.514	430.169	67.434	-1963.737	485.179	432.582	-1775.430
723	3.01250	462.638	-8.494	-1877.347	431.038	68.564	-1962.617	486.193	431.833	-1769.755
724	3.01667	464.069	-8.369	-1876.981	431.819	69.355	-1961.853	487.458	431.448	-1764.358
725	3.02083	463.230	-8.158	-1876.616	432.201	70.221	-1960.670	488.641	430.914	-1758.597
726	3.02500	463.634	-7.926	-1876.145	432.806	71.350	-1959.190	489.577	430.152	-1752.541
727	3.02917	463.606	-7.950	-1875.946	434.349	72.779	-1957.773	490.611	429.413	-1746.590
728	3.03333	464.205	-7.624	-1875.214	435.694	75.656	-1955.622	491.849	428.683	-1740.399
729	3.03750	466.064	-6.797	-1873.410	436.257	79.019	-1953.690	492.899	427.920	-1733.797
730	3.04167	465.744	-6.564	-1873.029	437.081	81.050	-1951.634	494.107	426.709	-1727.203
731	3.04583	465.476	-5.515	-1872.589	437.445	82.182	-1950.228	494.787	425.748	-1720.496
732	3.05000	465.119	-4.697	-1871.883	438.709	83.808	-1947.863	496.503	425.670	-1713.659
733	3.05417	465.120	-4.450	-1871.288	439.474	85.463	-1945.628	497.481	425.095	-1706.309
734	3.05833	464.817	-3.960	-1870.477	440.245	89.548	-1942.806	498.604	424.831	-1698.736
735	3.06250	464.692	-3.557	-1869.787	439.895	92.590	-1940.107	499.597	423.338	-1691.403
736	3.06667	464.201	-3.113	-1869.071	441.177	94.654	-1937.329	501.153	422.665	-1683.374
737	3.07083	464.005	-2.707	-1868.399	442.642	97.276	-1933.807	502.630	422.417	-1675.212
738	3.07500	463.762	-2.228	-1867.645	442.912	103.037	-1930.130	503.869	421.514	-1667.100
739	3.07917	463.657	-1.919	-1866.775	443.175	104.732	-1926.964	505.778	420.709	-1658.802
740	3.08333	463.312	-0.937	-1865.854	443.740	107.038	-1923.214	506.977	420.137	-1649.817
741	3.08750	462.893	-0.304	-1864.678	444.946	113.002	-1917.593	508.478	419.599	-1640.719
742	3.09167	462.929	-0.283	-1863.884	443.219	113.867	-1913.695	510.263	418.212	-1630.973
743	3.09583	463.064	-0.221	-1862.883	444.277	118.506	-1907.855	511.614	417.822	-1621.238
744	3.10000	463.129	-0.144	-1861.766	447.295	124.647	-1901.471	513.146	416.908	-1611.312
745	3.10417	462.031	1.027	-1860.376	445.811	125.551	-1896.494	515.410	415.923	-1601.106
746	3.10833	461.176	2.245	-1859.048	445.674	131.022	-1889.027	517.198	415.437	-1590.287
747	3.11250	460.437	3.685	-1857.449	446.956	133.913	-1881.620	518.787	413.733	-1579.454
748	3.11667	462.547	9.033	-1855.380	445.213	137.903	-1875.023	520.879	413.438	-1568.203
749	3.12083	464.022	12.195	-1852.543	446.568	141.563	-1867.270	522.490	412.714	-1557.318
750	3.12500	463.314	16.065	-1849.179	447.670	146.056	-1859.499	524.513	411.234	-1546.062
751	3.12917	463.029	19.002	-1845.176	445.891	148.820	-1852.213	526.055	411.014	-1534.489
752	3.13333	462.067	22.631	-1840.678	447.780	153.552	-1843.531	527.637	409.204	-1523.080
753	3.13750	462.172	28.218	-1836.381	448.217	158.379	-1834.578	528.937	408.950	-1511.573
754	3.14167	462.247	33.067	-1831.797	447.936	160.821	-1826.262	530.082	407.900	-1499.913
755	3.14583	461.361	36.927	-1826.718	448.207	165.876	-1816.445	531.389	406.636	-1488.254
756	3.15000	460.995	40.122	-1821.281	449.690	169.735	-1806.803	532.332	406.544	-1476.433
757	3.15417	462.323	47.690	-1815.472	449.227	173.990	-1796.701	533.192	404.728	-1464.324
758	3.15833	463.443	51.699	-1808.825	450.576	176.056	-1786.703	533.914	404.057	-1452.450
759	3.16250	462.218	55.755	-1802.313	449.727	180.028	-1776.029	534.042	403.711	-1440.363
760	3.16667	462.660	58.701	-1793.927	452.134	183.199	-1764.551	534.570	404.249	-1428.418
761	3.17083	462.618	62.877	-1785.622	450.463	187.660	-1754.263	534.911	404.455	-1416.565
762	3.17500	464.650	65.998	-1775.798	451.443	189.578	-1743.516	535.357	404.943	-1404.728
763	3.17917	466.225	69.705	-1764.939	451.441	192.804	-1733.294	535.691	403.623	-1392.648
764	3.18333	467.218	73.260	-1752.824	451.022	195.699	-1722.276	536.354	403.790	-1380.692
765	3.18750	470.182	76.156	-1739.528	452.118	197.574	-1711.243	536.219	405.815	-1368.783
766	3.19167	469.583	76.259	-1725.469	450.021	200.031	-1700.587	535.871	406.419	-1357.273
767	3.19583	470.344	77.839	-1710.832	452.189	202.198	-1688.165	536.632	407.124	-1345.425
768	3.20000	472.929	79.816	-1695.663	452.114	202.141	-1676.956	536.661	407.641	-1333.481
769	3.20417	473.408	79.359	-1680.482	452.308	204.656	-1664.489	536.159	409.895	-1321.910
770	3.20833	475.111	80.861	-1665.212	451.900	204.647	-1652.158	536.184	411.626	-1310.296
771	3.21250	476.660	82.969	-1649.997	453.221	205.444	-1639.574	535.966	413.027	-1298.406
772	3.21667	475.458	79.972	-1633.983	453.283	205.031	-1627.209	535.029	415.357	-1286.960
773	3.22083	476.855	81.422	-1618.799	452.819	204.146	-1615.027	535.102	416.739	-1275.247
774	3.22500	477.288	79.585	-1603.186	453.273	203.734	-1601.883	534.794	419.421	-1263.430
775	3.22917	478.134	79.886	-1588.196	453.428	202.700	-1588.767	534.258	420.812	-1252.500
776	3.23333	477.310	77.305	-1572.303	452.767	200.626	-1575.871	533.961	422.767	-1241.225
777	3.23750	478.192	78.336	-1556.334	453.301	199.521	-1562.659	533.620	426.576	-1229.922
778	3.24167	477.390	73.932	-1540.519	453.919	197.809	-1548.818	533.239	428.019	-1218.977
779	3.24583	479.815	73.693	-1523.880	454.039	195.187	-1535.348	532.414	430.856	-1208.151
780	3.25000	476.190	69.832	-1507.523	454.215	192.824	-1521.593	532.387	433.051	-1197.533
781	3.25417	478.659	68.688	-1490.655	454.253	189.566	-1507.843	531.735	436.283	-1186.408
782	3.25833	478.883	67.673	-1473.942	454.086	186.277	-1494.139	531.013	438.245	-1176.176
783	3.26250	477.794	64.241	-1456.328	454.688	182.936	-1479.883	530.731	439.822	-1165.743
784	3.26667	479.707	62.031	-1438.844	455.219	179.732	-1465.366	529.632	443.603	-1155.501
785	3.27083	479.616	60.560	-1421.483	455.307	176.464	-1450.716	529.329	444.469	-1145.762
786	3.27500	479.027	57.238	-1403.605	455.351	172.482	-1436.152	528.261	447.580	-1135.632
787	3.27917	479.865	54.358	-1385.429	454.916	168.678	-1421.812	527.825	449.591	-1126.138
788	3.28333	478.963	51.075	-1367.555	454.953	165.138	-1406.771	527.286	450.783	-1117.114
789	3.28750	479.226	48.733	-1349.258	454.867	160.980	-1392.204	526.556	454.199	-1107.188
790	3.29167	480.399	46.785	-1331.091	455.140	156.125	-1377.207	525.676	454.902	-1098.471
791	3.29583	478.759	42.131	-1312.459	455.496	150.924	-1362.043	525.128	457.056	-1089.116
792	3.30000	477.249	37.841	-1293.948	455.116	146.180	-1346.583	524.088	459.471	-1080.490
793	3.30417	479.019	37.490	-1275.439	454.740	142.533	-1330.953	523.418	460.974	-1071.680
794	3.30833	476.583	33.037	-1255.778	454.320	138.377	-1315.271	522.476	461.498	-1063.107
795	3.31250	479.999	32.193	-1237.996	453.775	133.706	-1299.084	521.421	465.032	-1054.457
796	3.31667	477.395	26.214	-1218.886	453.518	128.132	-1283.445	520.605	465.082	-1046.272
797	3.32083	480.870	26.020	-1199.659	453.542	122.539	-1267.432	519.986	466.231	-1037.370
798	3.32500	479.473	22.436	-1180.860	453.789	117.171	-1251.298	518.266	467.726	-1029.543
799	3.32917	482.392	22.636	-1161.804	452.734	111.999	-1234.843	517.734	469.092	-1021.754
800	3.33333	480.691	17.406	-1142.950	452.747	106.753	-1218.317	516.669	468.932	-1014.456
801	3.33750	483.216	16.816	-1123.442	452.123	102.341	-1201.969	516.248	469.703	-1007.044
802	3.34167	481.571	11.607	-1104.179	451.783	97.877	-1185.438	515.346	471.312	-999.802
803	3.34583	484.775	12.757	-1085.190	451.941	92.267	-1168.654	514.155	471.941	-992.869
804	3.35000	483.033	8.284	-1066.217	453.027	88.166	-1151.151	513.470	471.696	-986.418
805	3.35417	485.551	8.264	-1046.733	452.639	83.553	-1133.788	512.555	472.250	-979.460
806	3.35833	484.796	4.653	-1026.818	453.607	79.240	-1116.809	511.999	471.565	-973.386
807	3.36250	487.270	3.590	-1008.346	453.419	75.264	-1099.380	511.253	470.514	-967.001
808	3.36667	488.001	4.124	-989.192	453.302	71.122	-1082.249	510.450	470.286	-960.697
809	3.37083	487.707	1.558	-969.448	453.672	67.481	-1064.820	509.482	471.093	-954.631
810	3.37500	490.035	0.997	-950.594	453.693	64.274	-1047.240	508.419	471.068	-949.060
811	3.37917	490.102	0.305	-931.339	454.228	59.991	-1029.753	506.938	470.176	-943.348
812	3.38333	490.317	0.059	-911.573	454.801	57.234	-1011.776	506.040	468.723	-937.507
813	3.38750	492.765	-0.332	-892.751	455.760	53.797	-994.163	504.796	467.170	-932.313
814	3.39167	494.502	1.222	-874.196	456.529	51.221	-976.122	503.754	465.944	-927.009
815	3.39583	493.658	0.098	-854.206	456.423	47.882	-958.670	502.651	464.709	-921.991
816	3.40000	495.095	-0.159	-835.019	457.606	46.486	-940.670	501.324	462.946	-916.461
817	3.40417	496.683	2.777	-816.704	458.564	43.575	-923.019	500.097	460.844	-911.353
818	3.40833	497.859	3.582	-797.703	460.059	41.899	-905.484	498.715	459.506	-906.232
819	3.41250	499.573	6.570	-779.594	461.585	40.508	-888.246	497.333	457.604	-901.279
820	3.41667	499.430	7.285	-760.170	463.028	39.292	-871.184	495.985	455.679	-896.176
821	3.42083	500.293	9.702	-742.086	464.746	38.513	-853.691	494.486	453.310	-891.025
822	3.42500	500.677	12.934	-723.887	466.128	39.008	-837.212	492.883	451.685	-886.009
823	3.42917	501.536	15.054	-706.239	467.476	39.846	-820.679	491.517	449.911	-880.733
824	3.43333	502.128	19.600	-689.264	469.293	40.986	-804.555	489.449	446.906	-875.231
825	3.43750	502.884	22.772	-672.409	470.800	40.321	-789.031	488.276	444.857	-870.057
826	3.44167	503.805	26.363	-655.830	471.670	42.557	-773.698	486.871	443.188	-864.849
827	3.44583	505.123	30.672	-640.582	472.383	43.798	-758.403	485.603	441.546	-859.735
828	3.45000	506.565	35.876	-625.983	473.651	44.754	-744.651	484.920	439.086	-853.961
829	3.45417	505.610	38.638	-611.849	474.212	46.123	-730.940	484.069	437.659	-848.516
830	3.45833	504.759	41.661	-597.815	474.696	48.688	-717.793	483.707	436.274	-842.985
831	3.46250	504.989	43.535	-585.239	475.290	48.702	-706.448	483.309	433.943	-836.633
832	3.46667	505.382	46.457	-572.911	475.679	49.838	-694.635	483.086	432.824	-830.796
833	3.47083	504.350	45.287	-561.624	474.986	49.975	-683.644	483.144	432.076	-824.173
834	3.47500	504.507	48.453	-551.450	475.093	51.661	-673.841	483.353	432.027	-817.217
835	3.47917	503.824	47.887	-541.916	475.096	51.089	-665.318	483.341	430.894	-809.866
836	3.48333	502.897	47.829	-533.724	474.742	49.632	-657.142	483.477	430.380	-802.276
837	3.48750	502.326	47.258	-526.095	474.656	48.975	-649.530	483.073	430.691	-794.239
838	3.49167	500.686	44.965	-519.554	474.420	48.816	-643.240	483.175	432.274	-785.748
839	3.49583	500.579	42.879	-513.500	473.973	47.472	-637.316	482.917	432.009	-776.836
840	3.50000	500.116	41.305	-508.508	473.349	45.174	-631.976	483.732	431.835	-768.404
841	3.50417	499.487	37.970	-503.905	472.161	43.508	-627.221	484.066	432.817	-759.411
842	3.50833	499.159	35.293	-500.215	471.639	42.456	-623.084	484.427	432.764	-750.767
843	3.51250	498.473	32.427	-498.235	470.639	41.065	-619.818	484.901	432.379	-741.881
844	3.51667	495.669	26.318	-494.551	469.375	38.890	-616.115	485.311	434.282	-733.126
845	3.52083	495.625	24.611	-492.298	467.817	36.581	-612.897	485.403	435.126	-724.598
846	3.52500	493.262	21.141	-489.436	466.881	35.508	-610.550	486.186	435.571	-716.670
847	3.52917	491.660	17.099	-487.698	465.401	34.038	-608.337	486.237	436.544	-708.523
848	3.53333	491.658	15.092	-486.241	463.925	32.285	-606.026	486.462	436.059	-700.796
849	3.53750	489.210	10.989	-483.917	462.535	30.405	-603.755	486.689	435.245	-692.996
850	3.54167	488.399	8.315	-482.719	461.368	28.437	-601.611	486.819	436.540	-685.526
851	3.54583	487.410	6.906	-481.899	459.689	26.982	-599.845	487.011	438.152	-678.499
852	3.55000	483.753	1.614	-478.816	458.375	26.126	-598.200	486.944	438.231	-671.576
853	3.55417	484.667	-1.132	-477.287	457.292	25.810	-595.994	487.094	437.449	-664.645
854	3.55833	484.806	-2.469	-475.195	457.470	26.279	-592.713	487.206	436.532	-657.753
855	3.56250	481.463	-7.391	-471.280	458.351	27.283	-588.891	487.674	437.192	-650.840
856	3.56667	482.666	-8.929	-469.005	459.374	28.966	-584.901	487.569	436.750	-643.998
857	3.57083	483.709	-9.553	-468.236	460.440	29.186	-581.718	488.213	436.323	-637.185
858	3.57500	484.117	-10.616	-467.315	460.634	28.437	-578.780	488.645	435.511	-629.995
859	3.57917	483.193	-13.301	-465.766	460.359	26.945	-576.757	489.497	436.393	-622.735
860	3.58333	482.751	-17.720	-465.569	460.585	26.301	-576.136	489.599	438.222	-614.983
861	3.58750	484.384	-20.423	-466.026	460.549	26.445	-576.133	490.178	439.913	-607.367
862	3.59167	486.910	-21.062	-466.253	460.658	27.109	-576.591	490.748	441.203	-599.546
863	3.59583	488.479	-21.458	-465.921	460.075	27.415	-576.445	490.939	441.800	-592.438
864	3.60000	488.918	-21.469	-465.634	459.625	27.547	-575.506	491.310	442.008	-585.436
865	3.60417	488.696	-21.443	-465.366	459.328	27.571	-574.048	492.052	441.928	-578.812
866	3.60833	488.663	-21.519	-464.943	459.440	26.956	-572.064	492.512	441.964	-572.687
867	3.61250	488.193	-21.441	-464.630	459.380	26.142	-570.166	493.743	442.015	-567.372
868	3.61667	487.665	-21.381	-464.486	459.588	25.962	-569.161	494.431	441.604	-562.199
869	3.62083	487.301	-21.281	-464.451	459.418	25.699	-568.610	494.602	440.280	-557.004
870	3.62500	487.448	-21.336	-464.342	459.297	25.647	-568.562	495.381	440.085	-552.244
871	3.62917	487.875	-21.372	-464.313	459.129	25.801	-568.613	495.572	439.956	-547.635
872	3.63333	488.208	-21.429	-464.317	459.084	25.799	-568.635	495.838	439.994	-543.195
873	3.63750	488.451	-21.372	-464.336	459.342	26.346	-568.768	496.397	440.524	-539.085
874	3.64167	488.416	-21.427	-464.381	459.244	26.169	-568.360	496.813	440.922	-534.466
875	3.64583	488.235	-21.388	-464.200	458.919	25.823	-567.917	496.582	440.229	-530.097
876	3.65000	487.922	-21.325	-464.258	458.908	25.838	-567.658	496.409	440.002	-526.317
877	3.65417	487.846	-21.340	-464.153	458.832	25.919	-567.511	496.449	439.775	-522.658
878	3.65833	487.718	-21.382	-464.100	458.725	26.057	-567.444	496.494	439.506	-518.669
879	3.66250	487.841	-21.414	-464.038	458.261	26.022	-566.937	496.356	439.249	-515.291
880	3.66667	487.850	-21.367	-464.069	458.153	25.927	-566.920	496.592	438.825	-512.100
881	3.67083	487.806	-21.358	-463.996	458.087	26.154	-566.694	496.890	438.370	-508.924
882	3.67500	487.854	-21.381	-464.065	458.055	26.056	-566.617	497.167	437.544	-506.130
883	3.67917	487.812	-21.317	-464.168	458.305	26.207	-566.499	496.587	436.463	-503.431
884	3.68333	488.011	-21.360	-464.062	458.304	25.979	-566.583	496.861	436.381	-501.118
885	3.68750	487.980	-21.324	-464.197	458.224	26.186	-566.415	496.939	436.414	-498.997
886	3.69167	488.039	-21.360	-464.253	458.165	26.215	-566.384	497.100	436.073	-497.041
887	3.69583	488.066	-21.321	-464.226	457.925	26.273	-566.288	497.132	436.153	-495.078
888	3.70000	488.169	-21.249	-464.188	457.862	26.402	-566.274	497.225	435.962	-492.952
889	3.70417	488.096	-21.346	-464.237	457.727	26.506	-566.264	497.255	435.871	-491.221
890	3.70833	488.113	-21.387	-464.177	457.707	26.716	-566.182	497.435	436.089	-489.331
891	3.71250	488.109	-21.400	-464.099	457.672	26.885	-566.170	497.257	435.454	-487.672
892	3.71667	488.002	-21.364	-464.064	457.338	26.829	-565.953	496.868	434.881	-486.060
893	3.72083	488.054	-21.441	-464.030	456.925	26.916	-565.877	496.318	434.432	-484.594
894	3.72500	488.134	-21.329	-464.051	457.265	27.031	-565.751	496.168	434.125	-483.253
895	3.72917	488.172	-21.426	-463.962	456.888	27.163	-565.684	496.074	433.599	-481.924
896	3.73333	488.186	-21.392	-463.930	456.844	27.364	-565.671	496.280	433.588	-480.705
897	3.73750	488.193	-21.361	-463.990	456.915	27.777	-565.695	496.196	433.454	-479.367
898	3.74167	488.238	-21.412	-463.976	456.770	27.824	-565.640	496.168	433.488	-478.280
899	3.74583	488.310	-21.352	-464.069	456.847	28.008	-565.614	496.187	433.334	-477.069
900	3.75000	488.402	-21.360	-464.025	456.942	28.364	-565.461	496.160	433.296	-475.760
901	3.75417	488.479	-21.418	-463.930	456.971	28.656	-565.509	496.197	433.379	-474.605
902	3.75833	488.520	-21.410	-463.955	456.865	29.149	-565.413	496.234	433.366	-473.635
903	3.76250	488.481	-21.475	-463.814	457.117	29.693	-565.273	496.095	433.322	-472.542
904	3.76667	488.529	-21.429	-463.817	456.983	30.158	-565.181	496.169	433.273	-471.204
905	3.77083	488.647	-21.462	-463.713	456.937	30.623	-565.007	496.243	433.400	-470.061
906	3.77500	488.631	-21.523	-463.593	456.776	31.223	-564.724	496.280	433.432	-468.967
907	3.77917	488.670	-21.435	-463.589	457.124	31.877	-564.941	496.199	433.217	-467.954
908	3.78333	488.725	-21.356	-463.564	457.381	32.364	-564.952	496.262	433.405	-466.961
909	3.78750	488.881	-21.409	-463.479	457.208	32.514	-564.572	496.378	433.369	-465.758
910	3.79167	488.860	-21.455	-463.575	457.215	32.687	-564.534	496.517	433.308	-464.547
911	3.79583	488.893	-21.408	-463.475	457.376	32.963	-564.435	496.601	433.103	-463.360
912	3.80000	489.015	-21.427	-463.503	457.345	33.202	-564.286	496.702	433.063	-462.246
913	3.80417	488.997	-21.425	-463.368	457.359	33.466	-564.216	496.817	433.166	-460.830
914	3.80833	489.029	-21.371	-463.378	457.389	33.679	-563.945	496.910	433.122	-459.452
915	3.81250	488.976	-21.361	-463.179	457.288	33.884	-563.709	496.803	432.957	-457.996
916	3.81667	488.932	-21.417	-463.147	457.134	34.052	-563.530	497.103	433.294	-456.482
917	3.82083	488.814	-21.406	-462.994	456.957	34.315	-563.243	496.568	432.541	-454.983
918	3.82500	488.720	-21.386	-462.995	456.823	34.522	-563.025	496.379	432.246	-453.435
919	3.82917	489.455	-20.467	-463.254	456.692	34.717	-562.632	496.210	432.318	-451.920
920	3.83333	489.330	-20.458	-463.336	456.738	35.241	-562.594	496.235	432.339	-450.334
921	3.83750	489.361	-20.373	-463.379	456.585	35.386	-562.399	496.211	432.315	-448.653
922	3.84167	489.184	-20.422	-463.419	456.611	35.858	-562.171	496.391	432.383	-446.742
923	3.84583	489.073	-20.389	-463.412	456.338	36.507	-561.981	496.172	432.545	-445.378
924	3.85000	488.100	-21.204	-463.279	455.929	37.215	-561.634	495.954	432.923	-443.806
925	3.85417	488.139	-21.115	-463.282	455.590	38.119	-561.364	495.828	433.240	-442.108
926	3.85833	487.943	-21.084	-463.319	455.335	39.134	-561.005	495.650	433.437	-440.315
927	3.86250	487.834	-21.075	-463.273	454.913	40.177	-560.858	495.421	433.703	-438.644
928	3.86667	487.551	-20.971	-463.385	454.885	41.331	-560.959	495.123	434.064	-436.923
929	3.87083	488.008	-20.412	-463.038	454.422	42.042	-560.796	494.868	434.502	-434.939
930	3.87500	487.396	-19.699	-462.985	454.738	43.262	-560.950	494.892	434.777	-433.348
931	3.87917	487.275	-19.645	-462.986	454.734	44.227	-561.030	494.763	434.932	-431.270
932	3.88333	486.841	-19.147	-462.966	454.238	44.474	-560.507	494.863	435.214	-429.283
933	3.88750	486.682	-18.971	-463.086	453.619	44.763	-560.330	494.462	435.397	-427.012
934	3.89167	486.703	-18.628	-463.146	453.614	45.191	-560.186	494.602	435.344	-425.214
935	3.89583	486.422	-18.823	-462.976	453.123	45.613	-559.930	494.289	435.078	-422.810
936	3.90000	486.215	-18.612	-462.970	452.654	45.928	-559.281	494.225	435.459	-420.743
937	3.90417	485.998	-18.604	-462.896	451.948	46.675	-558.900	494.202	435.190	-418.193
938	3.90833	485.797	-18.378	-462.798	451.410	47.622	-558.560	494.216	435.136	-415.914
939	3.91250	485.832	-18.123	-462.903	450.844	48.628	-558.303	494.196	434.910	-413.094
940	3.91667	485.879	-17.734	-462.987	450.923	50.041	-557.798	494.151	434.438	-410.683
941	3.92083	485.417	-17.778	-462.751	450.543	51.335	-557.201	493.886	434.306	-407.921
942	3.92500	485.548	-17.074	-462.863	450.259	52.300	-556.856	494.008	434.033	-405.140
943	3.92917	485.235	-17.134	-462.682	449.901	53.034	-556.489	494.005	434.370	-402.296
944	3.93333	485.249	-16.692	-462.819	450.167	53.874	-555.865	494.322	434.759	-399.032
945	3.93750	485.048	-16.294	-462.589	450.024	54.682	-555.304	493.784	434.574	-396.030
946	3.94167	485.237	-15.789	-462.619	450.368	55.621	-554.491	493.968	434.930	-392.550
947	3.94583	484.996	-15.558	-462.395	449.408	56.735	-553.343	494.341	435.594	-389.214
948	3.95000	485.241	-14.735	-462.537	448.878	58.410	-552.647	494.672	435.599	-385.275
949	3.95417	485.174	-14.375	-462.353	449.237	59.872	-551.751	494.939	435.373	-381.099
950	3.95833	484.959	-13.645	-462.194	449.428	60.922	-550.842	495.512	434.976	-376.545
951	3.96250	485.162	-13.187	-462.034	449.796	62.233	-550.251	495.128	434.872	-372.155
952	3.96667	485.084	-12.529	-461.397	449.363	62.856	-549.104	495.553	434.889	-367.417
953	3.97083	485.078	-12.071	-461.664	449.737	64.486	-548.190	496.199	434.963	-362.890
954	3.97500	485.108	-11.774	-461.294	450.262	65.566	-546.894	496.919	434.513	-357.612
955	3.97917	485.425	-11.257	-460.961	450.548	68.461	-545.761	497.637	433.894	-352.476
956	3.98333	485.310	-11.109	-460.622	451.015	71.211	-544.204	498.144	433.322	-347.065
957	3.98750	485.664	-10.507	-460.165	451.694	72.612	-542.814	498.660	433.221	-341.158
958	3.99167	485.561	-10.548	-459.642	452.139	73.574	-541.149	499.173	432.282	-335.067
959	3.99583	485.587	-10.486	-459.252	453.162	75.034	-539.456	500.041	431.927	-329.164
960	4.00000	485.714	-10.152	-458.346	454.487	76.898	-537.622	500.902	431.414	-322.902
961	4.00417	485.801	-9.874	-457.856	455.292	79.576	-535.555	501.396	430.674	-316.535
962	4.00833	486.397	-9.664	-457.093	455.822	81.863	-533.843	501.944	429.478	-309.545
963	4.01250	485.745	-8.998	-456.261	456.976	83.889	-531.681	503.666	429.596	-303.352
964	4.01667	485.788	-8.287	-455.311	458.295	85.858	-529.188	504.321	429.030	-296.511
965	4.02083	485.911	-7.893	-454.607	459.169	89.003	-526.766	505.214	427.672	-288.922
966	4.02500	485.875	-7.395	-453.745	460.030	91.136	-524.201	506.452	427.574	-281.838
967	4.02917	485.974	-6.649	-452.748	460.497	94.137	-521.287	507.328	427.618	-274.568
968	4.03333	485.963	-6.190	-451.813	461.208	97.196	-518.191	508.591	426.343	-266.133
969	4.03750	485.935	-5.422	-450.706	462.737	99.500	-514.711	509.215	425.907	-258.303
970	4.04167	485.717	-4.961	-449.603	463.341	102.015	-511.141	510.642	425.337	-250.012
971	4.04583	485.588	-4.346	-448.535	463.744	106.095	-506.783	511.721	424.583	-241.237
972	4.05000	485.568	-4.113	-447.411	464.570	108.226	-502.795	512.506	424.189	-232.735
973	4.05417	485.828	-3.438	-446.480	465.517	110.753	-497.749	513.915	423.571	-223.164
974	4.05833	486.955	-2.070	-445.713	465.935	115.913	-492.788	514.880	422.925	-213.886
975	4.06250	487.566	-1.494	-444.591	466.115	117.881	-487.639	515.896	421.799	-203.825
976	4.06667	487.727	-0.637	-443.065	466.964	122.511	-481.173	517.720	421.739	-193.689
977	4.07083	487.707	0.305	-441.384	467.475	126.036	-474.775	518.871	420.667	-182.934
978	4.07500	487.677	2.180	-439.506	468.116	129.022	-467.673	521.080	420.622	-172.282
979	4.07917	487.853	3.952	-437.695	469.026	132.182	-460.526	521.926	418.954	-161.415
980	4.08333	487.188	5.327	-435.088	468.721	135.520	-452.797	523.084	417.998	-149.943
981	4.08750	487.291	7.446	-432.411	469.845	138.754	-445.440	524.612	417.561	-138.665
982	4.09167	486.463	11.070	-428.344	469.100	142.898	-438.038	525.754	416.629	-126.870
983	4.09583	485.782	15.421	-423.680	469.534	146.228	-430.074	526.782	415.083	-115.104
984	4.10000	487.309	21.161	-420.730	469.242	150.254	-421.957	527.549	414.098	-103.360
985	4.10417	486.685	25.374	-416.303	469.768	154.573	-413.026	529.342	413.778	-91.353
986	4.10833	485.920	29.024	-411.975	469.414	159.614	-404.233	529.267	412.505	-78.948
987	4.11250	485.108	34.708	-407.195	469.756	163.040	-394.977	530.141	411.907	-66.709
988	4.11667	486.211	38.763	-402.580	469.522	168.069	-385.374	530.348	409.874	-54.033
989	4.12083	485.476	45.896	-396.443	469.773	171.585	-375.036	531.088	409.777	-41.733
990	4.12500	484.588	49.023	-391.020	469.247	176.004	-364.554	531.641	408.307	-28.572
991	4.12917	483.409	54.638	-384.304	469.587	179.048	-353.591	531.922	408.047	-16.294
992	4.13333	482.530	58.108	-376.086	469.197	184.456	-341.892	532.017	406.623	-3.167
993	4.13750	482.051	61.480	-368.758	468.814	186.525	-330.763	532.388	407.358	9.323
994	4.14167	483.061	67.559	-358.864	468.358	191.266	-319.347	532.305	406.969	22.542
995	4.14583	482.659	71.312	-348.808	468.043	193.461	-308.306	532.270	407.532	34.931
996	4.15000	482.675	73.224	-336.959	467.369	196.984	-296.563	532.486	408.211	47.490
997	4.15417	482.484	77.569	-323.925	467.303	198.803	-284.997	532.000	407.214	60.240
998	4.15833	482.682	78.640	-309.910	466.582	201.570	-273.291	532.663	409.081	72.515
999	4.16250	481.746	79.829	-295.021	466.399	203.099	-261.763	531.971	409.774	85.344
1000	4.16667	482.974	82.634	-279.983	466.730	204.686	-249.386	532.031	410.318	97.819
1001	4.17083	481.474	81.637	-263.969	465.368	206.622	-236.620	532.299	412.493	109.947
1002	4.17500	481.052	83.938	-247.595	466.131	207.630	-224.012	530.870	413.596	122.288
1003	4.17917	481.084	83.112	-231.923	466.483	208.468	-211.480	531.242	415.297	134.390
1004	4.18333	481.001	83.402	-215.626	464.015	209.280	-198.760	530.973	416.576	146.515
1005	4.18750	480.281	85.227	-198.879	464.369	209.826	-185.790	530.704	419.375	158.298
1006	4.19167	479.218	83.227	-183.083	463.586	209.450	-173.003	529.696	420.573	170.567
1007	4.19583	479.734	83.483	-165.950	462.944	209.260	-160.023	529.443	423.060	182.173
1008	4.20000	478.402	82.454	-149.956	461.925	208.709	-146.352	529.036	425.778	194.347
1009	4.20417	477.594	83.278	-132.884	460.889	208.508	-133.117	528.705	427.723	206.248
1010	4.20833	476.491	80.447	-116.901	460.408	206.806	-119.208	527.334	429.555	218.334
1011	4.21250	476.492	79.750	-100.455	459.664	204.741	-105.522	527.025	431.395	230.159
1012	4.21667	475.972	77.209	-83.079	458.753	202.122	-91.645	526.520	434.708	241.533
1013	4.22083	475.752	75.927	-66.447	458.685	199.937	-77.361	525.818	437.257	252.883
1014	4.22500	475.217	75.920	-49.066	457.921	198.008	-63.386	525.450	439.998	264.049
1015	4.22917	473.807	73.215	-31.931	456.621	195.632	-49.030	524.299	441.498	274.974
1016	4.23333	473.854	71.439	-14.308	456.336	192.375	-34.756	524.018	444.392	286.213
1017	4.23750	473.413	68.867	3.077	455.550	189.147	-20.074	522.895	445.793	296.559
1018	4.24167	473.411	65.457	20.859	454.570	186.214	-5.899	522.636	448.817	307.235
1019	4.24583	473.075	64.716	39.379	453.738	182.620	9.034	522.097	450.772	317.526
1020	4.25000	472.445	61.292	57.316	452.694	178.790	23.796	521.412	452.152	328.103
1021	4.25417	472.062	59.778	75.499	452.155	174.948	39.018	520.090	454.320	338.408
1022	4.25833	471.306	57.836	94.640	451.719	170.468	54.578	519.355	455.840	347.963
1023	4.26250	470.443	54.659	113.274	451.104	166.293	70.277	518.707	458.891	357.519
1024	4.26667	468.928	51.302	132.587	450.473	162.130	85.592	517.667	461.069	366.995
1025	4.27083	469.201	47.772	151.261	449.934	157.425	101.447	516.797	462.518	376.508
1026	4.27500	469.450	44.153	169.285	449.117	152.628	116.367	515.916	464.145	386.154
1027	4.27917	469.969	42.271	188.420	448.455	147.670	132.321	514.700	465.251	395.381
1028	4.28333	470.135	39.375	207.225	447.880	142.652	149.034	514.104	466.719	404.351
1029	4.28750	469.616	34.573	226.409	447.358	137.848	165.319	513.565	468.886	413.258
1030	4.29167	469.518	32.418	246.446	446.736	133.051	181.598	511.794	469.134	421.938
1031	4.29583	470.136	29.045	265.266	445.518	128.283	197.616	510.634	469.968	430.358
1032	4.30000	470.582	25.968	284.099	445.228	123.371	214.131	509.742	471.198	438.614
1033	4.30417	470.277	25.183	304.921	444.622	118.454	231.123	508.832	473.229	446.525
1034	4.30833	468.964	21.533	325.592	444.628	113.839	248.077	507.800	473.902	453.872
1035	4.31250	469.753	19.202	344.110	443.641	107.677	265.223	506.377	473.818	461.796
1036	4.31667	470.624	18.992	364.153	442.409	102.009	283.063	505.346	474.290	469.664
1037	4.32083	470.137	14.566	384.104	442.067	96.012	300.622	504.592	475.211	476.997
1038	4.32500	469.492	11.965	404.440	441.441	90.939	318.431	503.276	475.446	483.464
1039	4.32917	471.506	9.372	424.382	441.274	86.467	335.910	502.329	474.762	490.648
1040	4.33333	474.189	6.408	442.015	440.845	81.819	353.427	500.947	474.067	497.108
1041	4.33750	472.464	7.138	464.174	440.852	76.804	371.445	500.134	473.903	503.608
1042	4.34167	472.109	5.856	483.909	440.421	73.214	389.530	499.491	473.510	509.845
1043	4.34583	471.336	4.947	504.198	440.893	68.930	407.613	498.441	472.695	515.791
1044	4.35000	474.974	2.821	522.620	441.482	64.348	425.135	497.490	472.278	521.432
1045	4.35417	476.303	1.847	542.402	441.327	60.834	443.686	496.645	471.356	527.218
1046	4.35833	476.507	1.596	562.777	441.965	57.203	462.010	495.595	469.623	533.029
1047	4.36250	476.767	1.636	582.974	441.762	53.857	480.327	494.444	468.558	538.490
1048	4.36667	478.265	1.538	602.227	442.781	51.881	497.108	493.529	467.387	543.616
1049	4.37083	482.184	0.872	619.764	443.466	48.961	515.294	492.114	464.864	549.149
1050	4.37500	481.261	6.765	638.884	444.100	46.911	533.445	490.871	463.316	554.118
1051	4.37917	482.409	4.433	658.704	445.065	43.890	551.653	489.201	461.809	558.999
1052	4.38333	483.391	2.502	678.727	445.528	42.452	569.918	487.464	458.544	564.687
1053	4.38750	481.971	9.593	698.459	447.058	42.783	586.887	486.236	456.679	569.091
1054	4.39167	485.964	7.892	715.414	447.629	40.683	604.258	484.765	454.430	574.403
1055	4.39583	484.600	14.949	733.540	448.334	40.753	621.507	482.955	451.587	579.144
1056	4.40000	487.350	15.396	750.498	449.662	41.387	637.631	481.307	449.947	583.607
1057	4.40417	486.614	20.449	767.901	451.440	40.108	654.590	479.023	447.619	589.188
1058	4.40833	489.292	22.594	784.462	451.922	41.929	669.786	477.661	445.429	594.431
1059	4.41250	485.270	28.976	801.820	453.075	41.985	685.142	476.131	443.291	599.613
1060	4.41667	490.206	28.585	816.076	454.118	43.538	699.666	474.761	441.674	605.011
1061	4.42083	485.825	35.731	832.661	455.703	44.346	713.786	473.599	439.743	610.607
1062	4.42500	490.853	34.888	845.462	456.210	46.502	727.393	472.248	437.587	616.653
1063	4.42917	489.505	40.180	859.633	454.372	47.828	741.453	471.459	436.893	622.336
1064	4.43333	490.236	41.533	871.397	456.961	47.100	752.203	470.709	435.256	628.911
1065	4.43750	491.532	42.081	882.556	457.227	50.351	763.566	470.289	433.771	635.383
1066	4.44167	489.878	48.856	893.768	456.083	50.561	774.422	470.077	434.022	642.004
1067	4.44583	488.578	52.487	904.146	454.916	49.830	785.325	469.812	432.571	649.193
1068	4.45000	487.536	53.528	913.681	454.537	50.142	794.472	469.568	432.255	656.525
1069	4.45417	486.655	52.531	922.366	456.793	51.431	799.786	469.546	432.101	663.648
1070	4.45833	485.841	50.050	930.192	456.603	51.429	807.315	469.325	430.810	671.953
1071	4.46250	484.996	46.639	937.152	455.466	49.415	814.388	470.005	431.144	680.295
1072	4.46667	484.025	42.850	943.238	454.702	47.860	820.302	470.174	432.835	688.241
1073	4.47083	482.833	39.237	948.443	453.724	46.009	825.952	469.961	432.993	697.410
1074	4.47500	481.322	36.352	952.758	452.995	44.757	830.130	469.927	432.473	706.369
1075	4.47917	479.397	34.750	956.175	452.204	43.598	833.904	470.594	433.560	714.825
1076	4.48333	478.188	33.617	958.826	451.013	42.426	837.401	470.833	434.838	723.782
1077	4.48750	476.974	29.815	961.325	447.954	39.295	842.495	471.698	435.316	733.231
1078	4.49167	475.716	24.707	963.563	446.178	36.450	844.379	472.386	434.957	740.481
1079	4.49583	474.373	19.657	965.428	445.325	35.492	847.008	472.132	435.256	748.947
1080	4.50000	472.904	16.031	966.810	444.939	32.752	848.316	472.756	436.124	756.886
1081	4.50417	471.271	15.190	967.599	444.075	31.237	849.491	472.710	437.150	765.173
1082	4.50833	469.327	11.926	969.823	441.864	28.706	851.191	472.672	438.405	773.478
1083	4.51250	467.454	7.316	972.879	439.660	27.380	852.908	472.789	438.631	780.024
1084	4.51667	466.037	2.438	976.162	438.387	28.204	855.751	472.409	437.219	787.585
1085	4.52083	465.455	-1.629	979.069	438.758	31.477	858.999	472.577	435.863	794.877
1086	4.52500	466.094	-3.806	980.994	439.553	30.464	863.513	473.337	434.667	802.012
1087	4.52917	468.334	-3.015	981.335	441.098	30.647	867.944	474.182	435.230	808.721
1088	4.53333	469.477	-2.847	982.436	442.200	30.288	871.968	474.707	435.386	815.926
1089	4.53750	469.447	-5.523	983.883	442.803	29.537	875.240	475.239	438.359	823.186
1090	4.54167	468.739	-9.646	985.440	443.138	29.166	876.932	475.650	439.116	831.017
1091	4.54583	467.847	-13.820	986.869	442.990	28.781	877.497	474.678	440.138	840.504
1092	4.55000	467.267	-16.649	987.935	442.492	28.656	877.728	476.435	441.280	848.191
1093	4.55417	467.493	-16.737	988.401	441.990	28.554	877.969	476.887	442.615	857.081
1094	4.55833	467.729	-16.753	988.579	441.649	28.440	878.698	476.942	442.787	864.675
1095	4.56250	467.787	-16.752	989.078	441.568	28.353	880.084	477.525	443.102	871.911
1096	4.56667	467.918	-16.756	989.563	441.741	28.975	882.127	477.487	442.185	879.541
1097	4.57083	468.094	-16.763	990.152	441.935	29.047	883.670	479.184	442.714	884.925
1098	4.57500	467.818	-16.739	990.294	441.804	28.950	884.696	480.282	442.660	890.723
1099	4.57917	468.066	-16.760	990.270	441.801	28.726	884.838	480.440	442.409	896.116
1100	4.58333	468.045	-16.758	990.359	441.299	28.345	884.979	481.350	442.399	901.592
1101	4.58750	468.105	-16.760	990.544	441.378	28.325	884.864	482.138	442.686	906.343
1102	4.59167	468.207	-16.769	990.550	441.088	28.953	884.786	482.831	443.657	911.222
1103	4.59583	468.084	-16.758	990.633	440.894	29.338	885.192	481.950	442.788	917.881
1104	4.60000	468.223	-16.770	990.631	440.826	30.035	885.291	481.997	442.717	921.935
1105	4.60417	468.222	-16.770	990.630	440.874	30.009	885.612	482.416	442.089	926.280
1106	4.60833	468.222	-16.771	990.630	440.620	30.238	885.895	482.917	441.751	929.949
1107	4.61250	468.236	-16.773	990.569	440.701	29.876	885.970	483.379	441.131	933.347
1108	4.61667	468.192	-16.769	990.606	440.590	30.400	886.005	483.724	440.517	937.130
1109	4.62083	468.133	-16.766	990.561	440.539	30.374	886.049	484.055	440.187	939.805
1110	4.62500	468.133	-16.766	990.561	440.473	30.512	886.185	484.306	439.646	943.119
1111	4.62917	468.250	-16.775	990.648	440.438	30.549	886.440	484.868	439.347	945.365
1112	4.63333	468.220	-16.773	990.625	440.446	30.101	886.498	485.288	438.997	948.635
1113	4.63750	468.204	-16.773	990.543	440.343	30.253	886.652	485.195	438.149	950.932
1114	4.64167	468.227	-16.775	990.594	440.314	30.323	886.794	485.269	437.856	952.663
1115	4.64583	468.256	-16.778	990.615	440.163	30.158	886.857	485.924	437.434	955.009
1116	4.65000	468.287	-16.778	990.779	440.061	30.630	886.877	485.921	437.169	956.787
1117	4.65417	468.228	-16.774	990.735	440.289	30.607	886.771	485.998	436.653	958.826
1118	4.65833	468.293	-16.780	990.747	439.932	30.924	886.879	486.141	436.719	960.843
1119	4.66250	468.293	-16.781	990.746	440.067	30.751	887.040	486.424	436.768	961.983
1120	4.66667	468.401	-16.792	990.719	439.968	30.831	886.952	486.468	436.285	963.333
1121	4.67083	468.374	-16.787	990.840	439.948	31.176	886.897	486.660	435.591	965.023
1122	4.67500	468.409	-16.792	990.831	440.014	31.444	886.993	486.740	435.735	966.534
1123	4.67917	468.359	-16.786	990.899	440.054	31.851	887.031	486.722	435.751	967.512
1124	4.68333	468.373	-16.789	990.838	439.910	31.577	887.196	486.703	435.313	968.301
1125	4.68750	468.379	-16.791	990.806	440.135	32.288	887.115	486.603	435.429	969.099
1126	4.69167	468.401	-16.793	990.857	439.915	32.362	887.330	486.427	435.794	970.294
1127	4.69583	468.446	-16.796	990.960	439.881	32.879	887.610	486.649	435.944	971.552
1128	4.70000	468.495	-16.802	990.889	439.784	33.113	888.001	486.643	436.112	972.682
1129	4.70417	468.524	-16.805	990.910	439.865	33.251	887.672	486.640	436.358	973.856
1130	4.70833	468.507	-16.806	990.826	439.890	33.513	887.762	486.673	436.432	974.907
1131	4.71250	468.581	-16.812	990.950	439.951	33.899	888.043	486.676	436.607	975.851
1132	4.71667	468.496	-16.802	991.029	440.271	34.991	887.718	486.581	436.633	976.850
1133	4.72083	468.493	-16.805	990.884	440.006	35.240	888.140	486.547	436.616	978.153
1134	4.72500	468.540	-16.805	991.131	440.197	36.355	888.001	486.587	436.854	979.169
1135	4.72917	468.715	-16.822	991.258	439.940	36.763	888.254	486.661	437.047	980.169
1136	4.73333	468.668	-16.812	991.472	439.880	37.570	888.178	487.014	437.734	981.501
1137	4.73750	468.668	-16.813	991.472	439.072	37.712	889.402	487.712	438.089	981.842
1138	4.74167	468.826	-16.821	991.836	438.622	37.887	890.041	487.866	437.983	982.914
1139	4.74583	468.712	-16.808	991.894	438.964	37.936	889.119	487.329	437.539	984.019
1140	4.75000	468.732	-16.813	991.802	438.225	36.404	889.469	487.568	437.569	984.950
1141	4.75417	468.806	-16.818	991.926	438.133	36.576	889.860	487.858	437.654	985.857
1142	4.75833	468.916	-16.828	992.041	438.078	36.867	890.150	487.914	437.613	986.777
1143	4.76250	468.818	-16.822	991.863	438.121	37.340	890.345	488.041	437.518	987.619
1144	4.76667	468.767	-16.805	991.783	438.069	37.452	890.616	488.000	437.460	988.642
1145	4.77083	468.749	-16.782	991.776	437.928	38.246	890.770	487.796	437.310	989.871
1146	4.77500	468.753	-16.755	991.821	437.476	39.446	890.630	487.861	437.257	991.140
1147	4.77917	468.766	-16.729	991.892	437.245	39.597	890.694	487.738	437.338	992.608
1148	4.78333	468.777	-16.707	991.969	437.179	40.597	891.023	487.558	437.542	993.743
1149	4.78750	468.773	-16.692	992.026	436.786	42.029	891.350	487.419	438.186	995.660
1150	4.79167	468.742	-16.688	992.042	436.575	42.852	891.556	487.300	438.141	997.048
1151	4.79583	468.672	-16.699	991.992	436.364	43.841	891.706	487.073	438.516	998.745
1152	4.80000	468.551	-16.729	991.854	436.108	44.687	891.918	487.069	438.622	1000.419
1153	4.80417	468.367	-16.780	991.604	435.973	45.498	892.205	487.497	438.584	1002.242
1154	4.80833	468.458	-16.731	991.912	435.755	46.623	892.628	487.069	438.910	1004.082
1155	4.81250	468.450	-16.729	991.804	435.152	48.514	892.547	486.971	439.840	1006.499
1156	4.81667	468.450	-16.729	991.804	435.096	48.770	892.725	486.383	440.770	1009.558
1157	4.82083	468.388	-16.729	991.753	434.860	48.656	893.016	487.127	440.830	1011.639
1158	4.82500	468.388	-16.729	991.753	434.831	48.536	893.457	486.798	441.265	1014.327
1159	4.82917	468.303	-16.730	991.783	434.701	48.425	893.804	486.575	441.480	1015.958
1160	4.83333	468.241	-16.729	991.732	434.414	48.231	894.373	486.964	441.749	1018.974
1161	4.83750	468.217	-16.731	991.814	434.268	48.096	894.799	487.357	442.261	1021.661
1162	4.84167	468.125	-16.728	991.603	434.221	49.412	894.866	487.423	442.229	1023.780
1163	4.84583	468.039	-16.598	991.378	433.778	50.703	895.137	487.237	441.956	1026.359
1164	4.85000	467.959	-16.352	991.145	433.404	51.380	895.634	488.082	442.110	1027.731
1165	4.85417	467.885	-16.003	990.911	433.300	52.006	896.039	487.736	440.945	1031.630
1166	4.85833	467.819	-15.564	990.681	433.078	52.622	896.398	487.774	440.574	1034.014
1167	4.86250	467.760	-15.046	990.461	432.813	53.771	896.933	487.807	440.333	1036.586
1168	4.86667	467.710	-14.462	990.258	432.590	55.586	897.346	487.858	440.101	1039.460
1169	4.87083	467.670	-13.824	990.078	432.185	57.366	898.359	488.114	439.909	1042.143
1170	4.87500	467.639	-13.145	989.926	432.395	57.517	898.254	488.301	439.314	1045.473
1171	4.87917	467.619	-12.437	989.808	432.890	58.422	898.681	488.865	438.584	1048.699
1172	4.88333	467.609	-11.712	989.730	432.826	59.766	899.218	489.170	438.237	1052.150
1173	4.88750	467.612	-10.983	989.699	432.810	59.891	900.053	489.513	437.990	1055.814
1174	4.89167	467.627	-10.262	989.721	434.218	60.738	899.502	489.937	437.733	1059.143
1175	4.89583	467.655	-9.560	989.800	433.348	60.727	901.500	490.640	436.535	1063.485
1176	4.90000	467.697	-8.892	989.944	433.755	62.049	902.055	490.910	437.099	1068.336
1177	4.90417	467.754	-8.268	990.159	433.895	62.836	903.005	491.259	436.973	1072.191
1178	4.90833	467.825	-7.701	990.449	433.934	63.629	904.164	492.018	436.589	1077.049
1179	4.91250	467.912	-7.204	990.822	434.671	64.434	904.975	493.469	436.624	1083.775
1180	4.91667	468.016	-6.788	991.283	435.035	67.069	906.015	494.102	437.429	1089.106
1181	4.92083	468.136	-6.467	991.839	435.765	70.262	907.380	494.989	438.234	1095.145
1182	4.92500	468.274	-6.252	992.495	437.105	71.504	907.857	495.942	437.097	1101.444
